Base_Fare,Days_to_Journey,Seats_Booked_Percentage,Is_Premium,Target_Fare
1260,72,11,0,1260.0
1694,7,93,0,1694.0
1530,63,52,0,1530.0
1495,111,35,0,1495.0
2038,119,80,0,2038.0
2569,46,47,1,3339.7000000000003
866,63,51,0,866.0
1638,104,14,0,1638.0
730,12,20,1,803.0000000000001
1882,13,74,1,2823.0
2535,43,43,0,2535.0
530,17,10,1,530.0
2085,63,92,1,3127.5
1169,81,11,0,1169.0
2791,36,94,1,4186.5
1915,85,29,0,1915.0
2833,8,70,0,2833.0
1615,69,96,1,2422.5
1355,90,30,0,1355.0
2724,80,97,0,2724.0
1584,36,77,1,2376.0
859,28,21,1,944.9000000000001
421,118,31,1,505.2
2700,93,29,1,2970.0000000000005
1147,47,91,0,1147.0
874,76,10,1,874.0
1482,101,39,1,1778.3999999999999
2958,30,33,0,2958.0
2447,23,23,0,2447.0
1375,16,45,0,1375.0
2206,14,78,0,2206.0
589,74,84,1,883.5
962,71,33,1,1154.3999999999999
2299,109,69,0,2299.0
1667,52,64,0,1667.0
1928,37,86,0,1928.0
1046,29,89,0,1046.0
2468,67,33,1,2961.6
2614,15,86,0,2614.0
1697,100,33,1,2036.3999999999999
2835,47,63,0,2835.0
1000,46,35,1,1200.0
2763,52,75,1,4144.5
2461,19,89,1,3691.5
641,77,47,1,833.3000000000001
2441,106,74,0,2441.0
1763,21,84,1,2644.5
2539,64,60,0,2539.0
1790,37,44,1,2327.0
1878,27,52,1,2629.2
2956,55,38,0,2956.0
1175,116,46,0,1175.0
434,29,90,1,651.0
2653,20,67,1,3979.5
2355,25,63,0,2355.0
1985,70,48,1,2580.5
1421,63,51,0,1421.0
1529,36,37,0,1529.0
1900,2,38,0,2200.0
1102,22,52,1,1542.8
2849,96,12,1,2849.0
1979,16,19,0,1979.0
561,18,68,0,561.0
601,69,23,0,601.0
2381,54,85,0,2381.0
1395,100,56,1,1952.9999999999998
2717,30,51,0,2717.0
1215,45,41,1,1579.5
855,19,41,0,855.0
1675,87,51,1,2345.0
1416,34,41,1,1840.8
2743,13,35,1,3291.6
737,43,10,1,737.0
1278,62,65,1,1917.0
1476,118,11,0,1476.0
1191,93,90,0,1191.0
2664,100,39,1,3196.7999999999997
1163,22,80,0,1163.0
2635,52,61,0,2635.0
779,52,18,0,779.0
892,111,31,0,892.0
1580,36,43,0,1580.0
2462,73,58,0,2462.0
464,103,10,0,464.0
2968,115,82,1,4452.0
1767,19,93,0,1767.0
1552,38,62,0,1552.0
2427,70,92,0,2427.0
1895,116,49,1,2463.5
1562,111,54,1,2186.7999999999997
1922,79,77,0,1922.0
791,57,18,1,791.0
2098,20,31,1,2517.6
818,9,27,0,818.0
2736,32,85,1,4104.0
778,4,52,0,778.0
2196,50,48,1,2854.8
2678,82,82,0,2678.0
2488,5,15,1,2488.0
2582,20,92,0,2582.0
600,87,57,0,600.0
2263,75,16,1,2263.0
1179,37,89,0,1179.0
902,22,78,0,902.0
2854,58,25,1,3139.4
2151,68,10,0,2151.0
1204,93,46,0,1204.0
2546,44,92,1,3819.0
2295,34,46,0,2295.0
1970,77,90,1,2955.0
1360,42,73,0,1360.0
1885,9,99,1,2827.5
1428,106,95,1,2142.0
902,95,71,0,902.0
797,7,81,1,1195.5
1270,68,70,0,1270.0
792,19,42,0,792.0
606,106,75,1,909.0
1438,94,39,0,1438.0
2281,31,29,0,2281.0
1884,35,69,1,2826.0
1263,57,91,0,1263.0
963,85,83,0,963.0
1420,61,33,1,1704.0
495,31,13,0,495.0
2323,83,46,0,2323.0
2157,95,13,1,2157.0
2932,53,86,0,2932.0
2678,32,98,0,2678.0
2078,66,86,1,3117.0
940,59,27,0,940.0
1459,116,97,0,1459.0
2972,10,75,1,4458.0
1583,2,57,1,2216.2
2122,66,42,0,2122.0
2219,60,67,0,2219.0
1997,88,92,1,2995.5
1195,17,82,0,1195.0
1451,96,37,0,1451.0
2043,16,44,0,2043.0
1763,16,19,1,1763.0
2381,46,74,0,2381.0
1754,39,51,0,1754.0
2063,117,94,1,3094.5
1929,31,18,1,1929.0
2438,107,69,1,3657.0
1896,88,24,0,1896.0
2637,1,66,0,2937.0
1808,11,78,1,2712.0
1800,119,31,0,1800.0
1706,85,73,0,1706.0
1372,4,50,0,1372.0
2168,71,96,0,2168.0
1682,26,80,1,2523.0
1109,111,65,1,1663.5
1879,50,32,0,1879.0
1834,12,34,1,2200.7999999999997
1048,95,15,0,1048.0
717,81,43,0,717.0
1657,97,72,1,2485.5
1083,75,18,1,1083.0
1063,92,69,0,1063.0
2398,96,58,0,2398.0
2031,65,60,0,2031.0
1895,47,69,0,1895.0
1536,92,79,1,2304.0
2253,53,46,1,2928.9
1920,106,40,0,1920.0
2889,71,50,0,2889.0
963,2,71,1,1444.5
1691,106,67,0,1691.0
2036,24,23,1,2239.6000000000004
1098,4,45,0,1098.0
2560,108,45,1,3328.0
401,19,88,0,401.0
1041,26,17,0,1041.0
2667,75,35,0,2667.0
1989,40,45,1,2585.7000000000003
1254,50,57,1,1755.6
2159,43,94,0,2159.0
2832,75,37,0,2832.0
2061,109,77,0,2061.0
1553,67,71,0,1553.0
1476,12,89,1,2214.0
2107,67,95,1,3160.5
2095,106,85,1,3142.5
2133,27,89,0,2133.0
1839,113,60,0,1839.0
2694,54,51,1,3771.6
1235,66,38,0,1235.0
602,49,91,1,903.0
522,16,19,1,522.0
800,2,48,1,1040.0
1166,60,91,1,1749.0
693,54,10,0,693.0
2727,30,48,1,3545.1
597,84,30,0,597.0
2330,38,74,1,3495.0
2591,28,24,1,2850.1000000000004
1008,25,13,1,1008.0
1547,96,69,1,2320.5
586,10,70,0,586.0
2911,60,29,0,2911.0
2194,42,19,0,2194.0
1059,40,96,0,1059.0
2355,97,43,1,3061.5
2850,77,57,0,2850.0
1769,105,42,0,1769.0
2386,118,70,1,3579.0
1934,42,19,0,1934.0
546,47,63,0,546.0
2134,37,93,0,2134.0
2243,118,74,0,2243.0
888,80,86,1,1332.0
2359,109,10,1,2359.0
2063,22,14,0,2063.0
2998,57,89,1,4497.0
2785,84,24,0,2785.0
1040,114,37,0,1040.0
2202,107,32,0,2202.0
2920,27,26,1,3212.0000000000005
2369,41,22,1,2605.9
2598,80,23,1,2857.8
1838,34,20,1,2021.8000000000002
2034,32,37,1,2440.7999999999997
662,90,51,1,926.8
2187,89,70,0,2187.0
2591,66,73,1,3886.5
2793,12,40,0,2793.0
1023,40,90,0,1023.0
1416,73,82,1,2124.0
1280,76,19,0,1280.0
2449,90,17,0,2449.0
1727,73,30,0,1727.0
2701,10,86,1,4051.5
852,96,68,1,1278.0
1583,98,59,0,1583.0
2456,48,78,1,3684.0
2082,20,79,0,2082.0
2655,39,39,1,3186.0
1554,60,26,0,1554.0
803,66,84,0,803.0
2599,65,29,1,2858.9
2501,51,57,1,3501.3999999999996
2096,36,82,1,3144.0
1027,24,11,1,1027.0
986,118,46,1,1281.8
2048,27,10,0,2048.0
1843,2,13,0,2143.0
1845,31,63,0,1845.0
503,57,34,1,603.6
653,78,12,1,653.0
2957,66,18,0,2957.0
1896,29,95,0,1896.0
498,15,96,0,498.0
2600,12,85,0,2600.0
2284,101,83,1,3426.0
2319,28,43,0,2319.0
1277,84,52,1,1787.8
737,103,83,0,737.0
1356,24,31,1,1627.2
2104,21,79,1,3156.0
560,10,11,1,560.0
2003,110,75,1,3004.5
797,78,41,0,797.0
1700,101,25,0,1700.0
1215,18,85,0,1215.0
1927,88,10,1,1927.0
2319,14,81,0,2319.0
1815,34,57,0,1815.0
1558,58,59,0,1558.0
1618,76,22,1,1779.8000000000002
800,22,24,1,880.0000000000001
1039,70,62,1,1558.5
859,36,53,0,859.0
1354,45,17,0,1354.0
869,36,83,0,869.0
1445,22,55,1,2022.9999999999998
2093,78,78,0,2093.0
2485,80,28,1,2733.5
2677,61,47,1,3480.1
962,100,20,1,1058.2
2885,56,52,1,4038.9999999999995
2199,89,29,0,2199.0
2474,96,29,0,2474.0
625,33,30,1,750.0
1197,45,91,0,1197.0
2731,36,66,1,4096.5
1359,20,59,0,1359.0
1904,18,83,0,1904.0
852,38,35,1,1022.4
1215,67,39,1,1458.0
1058,23,82,1,1587.0
946,96,40,1,1229.8
1615,109,51,0,1615.0
416,16,77,1,624.0
1643,59,70,0,1643.0
2605,69,70,1,3907.5
2924,68,79,0,2924.0
1469,21,87,1,2203.5
2965,104,77,0,2965.0
2546,115,99,0,2546.0
2168,78,26,0,2168.0
1460,103,28,1,1606.0000000000002
2727,95,60,1,4090.5
2944,78,79,1,4416.0
701,70,72,1,1051.5
580,12,84,0,580.0
1006,16,89,0,1006.0
1099,81,39,0,1099.0
1392,109,34,1,1670.3999999999999
1539,87,84,0,1539.0
590,14,80,0,590.0
2700,61,35,1,3240.0
1380,71,65,1,2070.0
2406,46,31,0,2406.0
1584,32,98,1,2376.0
527,15,28,1,579.7
2465,44,40,1,3204.5
2216,17,35,1,2659.2
2158,41,51,0,2158.0
969,54,50,0,969.0
1746,111,32,0,1746.0
2295,44,56,0,2295.0
1025,98,22,0,1025.0
2086,5,98,1,3129.0
554,109,75,0,554.0
2937,27,75,0,2937.0
1809,116,25,1,1989.9
1184,87,82,1,1776.0
645,104,37,1,774.0
1900,78,86,0,1900.0
2105,79,44,1,2736.5
937,43,50,1,1311.8
2290,97,86,1,3435.0
2241,117,40,0,2241.0
1320,31,94,1,1980.0
2855,99,41,1,3711.5
924,17,63,0,924.0
1929,92,81,1,2893.5
435,83,68,0,435.0
1084,110,50,0,1084.0
419,54,75,1,628.5
2768,62,63,0,2768.0
2959,87,49,1,3846.7000000000003
799,32,37,1,958.8
1371,40,46,1,1782.3
2306,13,74,1,3459.0
2918,84,83,0,2918.0
1566,35,64,1,2349.0
1515,5,13,1,1515.0
1233,73,19,1,1233.0
2223,29,56,0,2223.0
2382,70,84,0,2382.0
1253,25,23,1,1378.3000000000002
450,95,47,0,450.0
974,22,21,0,974.0
1548,66,54,1,2167.2
2597,45,26,1,2856.7000000000003
2761,69,89,1,4141.5
2752,91,44,1,3577.6
2115,89,75,1,3172.5
1081,72,84,0,1081.0
1237,119,50,1,1731.8
1477,1,76,1,2215.5
2891,84,38,1,3469.2
2711,44,27,1,2982.1000000000004
1995,87,29,1,2194.5
404,96,23,0,404.0
1526,75,43,1,1983.8
1619,39,58,0,1619.0
1173,111,63,1,1759.5
1276,54,40,1,1658.8
1391,88,67,1,2086.5
446,75,51,0,446.0
668,29,67,1,1002.0
769,54,91,1,1153.5
1035,90,39,1,1242.0
1529,16,34,1,1834.8
2093,99,72,1,3139.5
2082,20,28,1,2290.2000000000003
1056,46,81,1,1584.0
519,67,17,0,519.0
1230,65,12,1,1230.0
2210,58,76,1,3315.0
1481,53,95,1,2221.5
2374,111,90,0,2374.0
1769,1,26,0,2069.0
1140,81,23,1,1254.0
516,66,18,0,516.0
2253,29,71,1,3379.5
1550,84,30,1,1860.0
2331,70,85,0,2331.0
1412,8,46,1,1835.6000000000001
2064,29,20,0,2064.0
1481,112,29,0,1481.0
1033,51,44,0,1033.0
912,33,62,1,1368.0
1519,3,56,1,2126.6
1541,60,84,1,2311.5
959,35,61,1,1438.5
887,69,17,1,887.0
1296,91,13,1,1296.0
1612,108,36,1,1934.3999999999999
1103,76,53,0,1103.0
1870,84,49,1,2431.0
980,109,56,1,1372.0
2694,20,53,1,3771.6
553,73,57,0,553.0
2079,39,94,0,2079.0
1396,4,61,0,1396.0
1643,115,93,1,2464.5
1492,118,77,0,1492.0
1408,19,20,0,1408.0
2541,102,86,1,3811.5
2173,91,82,1,3259.5
1357,45,13,1,1357.0
852,43,85,0,852.0
1627,13,82,1,2440.5
2665,13,86,1,3997.5
2921,60,57,1,4089.3999999999996
2879,57,35,1,3454.7999999999997
2788,86,86,1,4182.0
950,92,48,1,1235.0
2035,52,67,0,2035.0
1712,111,28,1,1883.2
2157,53,97,0,2157.0
756,109,92,0,756.0
2470,86,86,1,3705.0
2185,43,86,0,2185.0
2969,83,67,0,2969.0
2181,72,37,0,2181.0
2889,116,75,1,4333.5
2031,72,19,0,2031.0
1415,42,95,0,1415.0
1748,90,86,0,1748.0
915,112,67,0,915.0
735,115,82,1,1102.5
2182,26,23,1,2400.2000000000003
2705,23,93,0,2705.0
896,43,24,1,985.6000000000001
1295,77,42,1,1683.5
2607,28,26,0,2607.0
1251,9,33,1,1501.2
2087,20,39,1,2504.4
2331,56,71,0,2331.0
2827,83,22,0,2827.0
1968,112,71,1,2952.0
1356,39,56,1,1898.3999999999999
2036,51,25,1,2239.6000000000004
1691,12,75,1,2536.5
1840,79,90,0,1840.0
1591,95,52,0,1591.0
1466,55,17,0,1466.0
684,78,12,0,684.0
2844,11,21,0,2844.0
411,26,93,1,616.5
2030,42,25,1,2233.0
2946,27,87,0,2946.0
1153,11,89,0,1153.0
2482,38,68,0,2482.0
489,98,58,1,684.5999999999999
1175,43,72,1,1762.5
2025,19,71,1,3037.5
817,64,58,0,817.0
514,6,60,0,514.0
1016,46,42,0,1016.0
1225,116,39,0,1225.0
2049,102,68,0,2049.0
1916,113,85,1,2874.0
812,42,24,0,812.0
1128,92,91,1,1692.0
1075,65,32,1,1290.0
2292,99,87,1,3438.0
2904,104,54,1,4065.6
2639,72,71,1,3958.5
1522,59,88,0,1522.0
1971,52,80,0,1971.0
1377,118,24,0,1377.0
1408,47,55,1,1971.1999999999998
2543,7,73,1,3814.5
2087,11,55,1,2921.7999999999997
436,103,65,1,654.0
1948,61,53,1,2727.2
2726,68,84,1,4089.0
2664,25,38,0,2664.0
1272,12,71,1,1908.0
2221,26,98,1,3331.5
1696,102,61,0,1696.0
2509,110,63,1,3763.5
995,12,97,0,995.0
2303,43,66,0,2303.0
1128,51,92,0,1128.0
1765,117,75,1,2647.5
796,37,31,0,796.0
1098,46,29,0,1098.0
2624,53,42,1,3411.2000000000003
2035,88,81,0,2035.0
795,80,34,1,954.0
2892,13,55,1,4048.7999999999997
475,89,82,0,475.0
664,118,66,1,996.0
2902,54,96,1,4353.0
2219,57,14,0,2219.0
1117,116,64,0,1117.0
1250,118,70,0,1250.0
1790,4,98,0,1790.0
543,75,17,1,543.0
1284,96,25,0,1284.0
795,49,57,0,795.0
1892,7,70,0,1892.0
1567,110,24,1,1723.7
1462,11,74,1,2193.0
2556,92,31,1,3067.2
1465,54,12,1,1465.0
1609,105,63,1,2413.5
2845,87,23,0,2845.0
1033,45,45,1,1342.9
1556,23,91,1,2334.0
1638,114,91,1,2457.0
1132,28,76,0,1132.0
634,107,19,0,634.0
1150,111,58,1,1610.0
1353,57,74,0,1353.0
2939,26,66,1,4408.5
1942,25,36,0,1942.0
1597,54,84,0,1597.0
2076,29,14,1,2076.0
1591,83,80,0,1591.0
2617,97,92,1,3925.5
1816,36,66,1,2724.0
1617,14,24,1,1778.7
1940,78,85,0,1940.0
2476,35,39,0,2476.0
1845,30,29,1,2029.5000000000002
2786,92,46,1,3621.8
1919,17,12,0,1919.0
1788,67,82,1,2682.0
2256,80,50,0,2256.0
1765,110,48,0,1765.0
899,30,35,0,899.0
2080,116,11,1,2080.0
910,93,32,1,1092.0
616,45,32,0,616.0
1724,79,94,1,2586.0
1555,110,25,1,1710.5000000000002
2227,89,18,0,2227.0
2210,51,22,0,2210.0
2892,102,37,1,3470.4
1605,106,36,0,1605.0
2614,47,60,1,3921.0
490,53,73,0,490.0
1113,64,61,0,1113.0
2281,118,90,1,3421.5
438,116,47,1,569.4
572,38,74,1,858.0
1052,64,27,1,1157.2
1153,87,72,1,1729.5
1643,89,60,0,1643.0
1481,106,18,0,1481.0
2083,7,22,1,2291.3
2923,22,49,0,2923.0
855,81,64,1,1282.5
1228,82,88,0,1228.0
1294,113,52,0,1294.0
1784,41,53,1,2497.6
2358,74,77,1,3537.0
2834,10,42,1,3684.2000000000003
2396,57,33,0,2396.0
2795,7,45,1,3633.5
589,112,19,1,589.0
904,50,29,1,994.4000000000001
1614,102,84,1,2421.0
1931,91,21,1,2124.1000000000004
1223,52,71,1,1834.5
1328,33,27,0,1328.0
1333,1,72,0,1633.0
1540,108,93,0,1540.0
533,53,34,0,533.0
2505,60,21,1,2755.5
1084,34,30,1,1300.8
2620,4,34,0,2620.0
2252,17,20,0,2252.0
1214,4,73,0,1214.0
1572,43,82,1,2358.0
479,118,59,1,670.5999999999999
602,90,71,1,903.0
1652,4,98,0,1652.0
2099,1,58,0,2399.0
1650,71,23,0,1650.0
2082,94,10,0,2082.0
1955,50,90,0,1955.0
2494,73,34,1,2992.7999999999997
1656,61,68,1,2484.0
1949,35,81,1,2923.5
1566,8,78,1,2349.0
1796,24,14,1,1796.0
870,83,28,0,870.0
1435,36,32,1,1722.0
1753,50,18,0,1753.0
1367,116,59,1,1913.8
757,43,25,0,757.0
1067,27,42,0,1067.0
772,32,11,0,772.0
1431,78,23,0,1431.0
1545,18,10,0,1545.0
1771,28,99,0,1771.0
489,29,67,1,733.5
939,16,98,0,939.0
1268,99,25,0,1268.0
440,47,88,1,660.0
1139,59,99,0,1139.0
2346,31,56,1,3284.3999999999996
2949,4,53,1,4128.599999999999
1624,37,89,0,1624.0
1328,17,23,0,1328.0
2436,39,33,1,2923.2
2908,48,64,0,2908.0
1324,46,24,1,1456.4
1981,90,92,0,1981.0
789,48,81,1,1183.5
2017,39,43,0,2017.0
655,105,11,0,655.0
1108,4,36,1,1329.6
2238,30,83,1,3357.0
2344,30,96,1,3516.0
2897,22,81,1,4345.5
409,75,32,0,409.0
1197,66,77,1,1795.5
1276,108,23,1,1403.6000000000001
1428,12,72,0,1428.0
1415,94,74,0,1415.0
2224,36,77,1,3336.0
773,18,72,0,773.0
2593,90,99,1,3889.5
623,53,90,0,623.0
1662,71,96,1,2493.0
2624,1,73,0,2924.0
2202,58,41,1,2862.6
1252,90,88,1,1878.0
462,87,22,0,462.0
1640,90,75,0,1640.0
1088,109,28,1,1196.8000000000002
1884,6,33,1,2260.7999999999997
2033,70,97,0,2033.0
2552,44,20,0,2552.0
910,72,68,0,910.0
784,24,95,0,784.0
804,86,24,0,804.0
917,19,19,0,917.0
875,101,50,0,875.0
2400,18,36,0,2400.0
2068,95,69,0,2068.0
2293,101,82,1,3439.5
1860,30,61,0,1860.0
1113,42,37,0,1113.0
482,33,74,1,723.0
1568,74,26,1,1724.8000000000002
2904,101,53,1,4065.6
2301,12,19,1,2301.0
2448,118,72,1,3672.0
450,94,91,1,675.0
1084,27,56,0,1084.0
1116,39,47,1,1450.8
1869,9,79,1,2803.5
848,118,85,1,1272.0
1280,21,62,0,1280.0
887,76,87,1,1330.5
2223,119,53,0,2223.0
2481,29,83,1,3721.5
2542,33,63,1,3813.0
1974,107,29,0,1974.0
2601,62,88,0,2601.0
649,117,40,1,843.7
1073,15,16,0,1073.0
837,2,67,0,1137.0
2565,52,19,1,2565.0
1170,103,19,1,1170.0
667,117,48,1,867.1
2384,44,37,0,2384.0
1477,54,39,1,1772.3999999999999
635,18,46,1,825.5
788,3,76,0,788.0
1162,7,52,0,1162.0
2248,43,88,1,3372.0
2848,82,94,0,2848.0
1023,108,61,1,1534.5
1652,38,65,0,1652.0
977,37,85,1,1465.5
2522,58,77,0,2522.0
834,33,18,0,834.0
2550,108,32,0,2550.0
1163,59,72,0,1163.0
1729,95,70,1,2593.5
2545,11,49,0,2545.0
1758,68,53,1,2461.2
2882,82,95,0,2882.0
846,68,33,0,846.0
2417,113,60,1,3625.5
1731,98,67,0,1731.0
648,93,99,0,648.0
565,88,42,1,734.5
1758,22,25,0,1758.0
1419,66,31,1,1702.8
941,44,66,0,941.0
1158,6,71,0,1158.0
2528,42,91,0,2528.0
2580,25,80,1,3870.0
1196,119,99,0,1196.0
537,57,81,0,537.0
2631,85,79,0,2631.0
1753,55,39,0,1753.0
2275,16,32,0,2275.0
468,95,41,0,468.0
2993,14,95,0,2993.0
2500,39,66,0,2500.0
1873,28,18,0,1873.0
604,96,40,1,785.2
2573,92,80,0,2573.0
442,51,18,1,442.0
2306,119,22,1,2536.6000000000004
2558,49,67,1,3837.0
1160,9,12,0,1160.0
2542,58,44,1,3304.6
2394,45,30,1,2872.7999999999997
2335,22,73,1,3502.5
1299,32,61,0,1299.0
759,69,43,1,986.7
2119,87,44,0,2119.0
680,69,24,1,748.0000000000001
2287,42,15,1,2287.0
1066,53,94,0,1066.0
492,96,41,0,492.0
1071,59,61,1,1606.5
2369,74,92,1,3553.5
460,39,37,1,552.0
1428,15,94,0,1428.0
1889,71,73,0,1889.0
1003,29,88,1,1504.5
1081,111,87,1,1621.5
2981,3,28,0,2981.0
1828,83,24,0,1828.0
2680,10,15,1,2680.0
923,92,82,0,923.0
2793,29,93,1,4189.5
2993,79,47,0,2993.0
2368,35,35,1,2841.6
1501,6,91,1,2251.5
2153,12,60,1,3229.5
2236,111,82,0,2236.0
2696,38,62,1,4044.0
2494,77,65,1,3741.0
1544,93,68,0,1544.0
2661,19,79,1,3991.5
2686,67,87,1,4029.0
1479,8,67,1,2218.5
2797,8,97,0,2797.0
506,119,22,0,506.0
447,84,52,0,447.0
736,47,85,0,736.0
1449,4,60,1,2173.5
1680,51,28,0,1680.0
2455,85,30,0,2455.0
1024,67,92,0,1024.0
2290,45,33,1,2748.0
1676,8,35,1,2011.1999999999998
2115,87,54,1,2961.0
702,16,37,0,702.0
1038,77,91,1,1557.0
455,67,38,1,546.0
1125,112,26,0,1125.0
925,9,77,1,1387.5
873,60,53,0,873.0
427,78,70,0,427.0
2525,77,77,1,3787.5
764,117,83,0,764.0
925,71,34,0,925.0
1735,15,76,0,1735.0
1282,71,11,0,1282.0
1430,102,98,0,1430.0
1426,98,58,0,1426.0
2046,41,79,1,3069.0
1318,22,35,0,1318.0
2810,24,81,0,2810.0
2174,113,36,0,2174.0
1931,101,98,0,1931.0
2306,44,27,1,2536.6000000000004
1615,1,63,1,2422.5
2054,10,10,0,2054.0
884,107,70,1,1326.0
2475,80,12,0,2475.0
1113,110,77,0,1113.0
1462,72,50,0,1462.0
2376,56,46,0,2376.0
1696,113,60,1,2544.0
1654,89,24,1,1819.4
2533,50,17,0,2533.0
525,12,47,0,525.0
936,89,92,1,1404.0
2592,81,65,1,3888.0
2472,60,56,0,2472.0
2003,26,99,1,3004.5
466,110,19,0,466.0
632,112,87,1,948.0
2556,78,58,1,3578.3999999999996
1569,41,50,1,2196.6
2558,36,92,1,3837.0
2675,23,39,0,2675.0
510,43,14,0,510.0
1893,6,80,1,2839.5
2481,111,92,0,2481.0
1022,69,40,1,1328.6000000000001
2872,43,61,1,4308.0
1941,25,97,0,1941.0
1705,18,32,0,1705.0
2161,62,57,0,2161.0
2375,13,49,1,3087.5
2762,43,15,0,2762.0
1276,78,47,0,1276.0
2389,28,50,0,2389.0
1712,18,36,0,1712.0
1860,59,84,1,2790.0
2724,60,78,1,4086.0
2133,63,66,1,3199.5
2005,57,26,1,2205.5
1926,92,80,1,2889.0
2963,51,56,1,4148.2
2797,56,88,1,4195.5
2030,27,22,0,2030.0
1560,32,20,1,1716.0000000000002
1158,111,99,1,1737.0
642,9,95,1,963.0
2990,104,33,1,3588.0
1463,96,82,0,1463.0
628,84,13,1,628.0
2995,92,55,1,4193.0
1319,97,27,0,1319.0
1646,68,52,1,2304.3999999999996
405,46,89,1,607.5
867,98,42,1,1127.1000000000001
2155,112,19,1,2155.0
474,67,82,1,711.0
403,26,68,1,604.5
2270,8,40,1,2951.0
1045,6,37,0,1045.0
517,80,69,0,517.0
2029,24,12,1,2029.0
2951,48,64,0,2951.0
2421,103,23,1,2663.1000000000004
1346,94,67,0,1346.0
1864,45,98,1,2796.0
593,13,24,0,593.0
1246,69,11,1,1246.0
1815,25,33,0,1815.0
1858,20,87,0,1858.0
2620,118,73,1,3930.0
2068,82,80,1,3102.0
2773,111,33,0,2773.0
1833,82,36,0,1833.0
1541,66,46,1,2003.3000000000002
2210,74,48,0,2210.0
1123,119,72,1,1684.5
624,45,88,0,624.0
931,114,35,0,931.0
512,47,74,1,768.0
2587,63,13,1,2587.0
958,76,38,1,1149.6
2448,111,10,0,2448.0
2537,77,59,0,2537.0
1053,114,95,0,1053.0
719,111,20,1,790.9000000000001
1973,55,83,0,1973.0
2228,75,68,0,2228.0
2317,19,71,1,3475.5
538,35,90,0,538.0
2426,103,45,0,2426.0
2706,53,65,1,4059.0
1301,26,99,1,1951.5
1089,110,30,1,1306.8
2439,14,22,1,2682.9
409,118,18,1,409.0
660,45,20,1,726.0000000000001
2342,44,84,1,3513.0
2073,88,79,1,3109.5
2619,105,10,1,2619.0
2460,65,79,0,2460.0
1591,51,86,1,2386.5
2019,43,95,1,3028.5
720,119,65,0,720.0
1742,86,40,1,2264.6
2036,23,95,0,2036.0
2776,56,46,0,2776.0
2394,118,56,1,3351.6
2343,19,87,0,2343.0
2438,82,56,1,3413.2
1518,76,78,1,2277.0
2004,55,67,0,2004.0
2765,92,45,0,2765.0
635,92,41,0,635.0
2369,60,73,1,3553.5
733,59,80,1,1099.5
2308,33,51,0,2308.0
775,19,57,1,1085.0
1560,28,83,1,2340.0
1970,52,90,0,1970.0
2960,49,39,0,2960.0
1719,37,30,0,1719.0
2255,26,69,0,2255.0
1772,99,22,0,1772.0
1272,98,10,0,1272.0
1652,99,74,0,1652.0
2717,40,42,0,2717.0
2251,80,47,0,2251.0
1714,38,34,0,1714.0
1124,77,35,1,1348.8
2452,87,86,1,3678.0
477,54,68,0,477.0
531,22,42,1,690.3000000000001
1000,16,50,1,1400.0
2172,28,39,1,2606.4
1465,112,66,1,2197.5
2536,35,58,1,3550.3999999999996
2849,60,57,1,3988.6
2743,45,81,0,2743.0
2263,46,58,0,2263.0
1718,72,56,1,2405.2
1015,108,65,1,1522.5
2869,55,74,0,2869.0
2288,119,21,1,2516.8
1446,86,78,1,2169.0
974,85,97,1,1461.0
2590,26,15,1,2590.0
1392,104,98,1,2088.0
2592,85,74,0,2592.0
1648,25,34,0,1648.0
902,105,10,1,902.0
2397,65,41,0,2397.0
1220,6,12,1,1220.0
2551,23,58,1,3571.3999999999996
2370,115,28,1,2607.0
597,64,69,1,895.5
2069,87,38,1,2482.7999999999997
2838,43,59,1,3973.2
1602,107,11,1,1602.0
1871,23,82,1,2806.5
2046,96,65,1,3069.0
2092,30,26,0,2092.0
1712,77,69,1,2568.0
2435,107,45,0,2435.0
877,18,70,0,877.0
1654,87,26,1,1819.4
1322,79,58,0,1322.0
819,97,85,1,1228.5
2604,21,69,1,3906.0
2997,57,29,1,3296.7000000000003
1520,103,59,1,2128.0
1350,23,12,0,1350.0
2736,91,52,0,2736.0
1677,45,66,1,2515.5
2643,44,59,0,2643.0
2257,82,77,0,2257.0
916,88,90,0,916.0
2058,115,59,1,2881.2
2265,47,46,0,2265.0
1541,40,55,0,1541.0
2332,51,51,0,2332.0
1214,42,24,1,1335.4
2675,7,42,0,2675.0
2300,50,89,0,2300.0
2663,48,20,1,2929.3
2462,84,29,0,2462.0
2494,91,33,1,2992.7999999999997
2771,6,73,1,4156.5
529,91,89,1,793.5
494,9,74,1,741.0
2355,117,97,1,3532.5
1193,109,97,1,1789.5
2234,57,82,0,2234.0
2516,31,95,1,3774.0
2083,21,85,0,2083.0
410,90,26,0,410.0
2265,40,98,1,3397.5
2997,112,70,0,2997.0
1111,45,24,0,1111.0
2470,77,60,0,2470.0
1214,49,36,1,1456.8
745,87,95,0,745.0
2749,20,83,0,2749.0
762,101,70,1,1143.0
2843,118,67,0,2843.0
2665,117,40,0,2665.0
2588,92,21,0,2588.0
1384,17,55,1,1937.6
2039,28,40,0,2039.0
1227,41,41,0,1227.0
755,66,41,1,981.5
1747,25,62,1,2620.5
2263,58,70,1,3394.5
526,114,55,0,526.0
1003,41,94,1,1504.5
2328,6,83,1,3492.0
1413,75,89,1,2119.5
450,38,16,0,450.0
1830,6,13,1,1830.0
2192,45,61,1,3288.0
2036,75,98,1,3054.0
2045,14,40,1,2658.5
2867,66,84,1,4300.5
1605,40,93,0,1605.0
2254,3,45,0,2254.0
966,119,63,1,1449.0
2818,117,63,1,4227.0
1335,99,26,1,1468.5000000000002
2334,97,84,0,2334.0
1732,24,39,0,1732.0
601,19,31,0,601.0
2760,18,52,0,2760.0
516,64,36,1,619.1999999999999
1336,113,46,1,1736.8
974,116,55,1,1363.6
2691,88,44,1,3498.3
936,109,13,0,936.0
2025,35,89,1,3037.5
2522,62,89,0,2522.0
785,1,94,0,1020.5
874,100,35,1,1048.8
817,25,28,0,817.0
2794,45,90,0,2794.0
1338,49,54,1,1873.1999999999998
1354,107,35,0,1354.0
1275,98,31,0,1275.0
1162,89,67,1,1743.0
1602,16,72,0,1602.0
1605,98,37,0,1605.0
1063,93,74,1,1594.5
424,19,53,0,424.0
2390,23,52,1,3346.0
1603,83,46,0,1603.0
1109,25,75,0,1109.0
2279,16,26,1,2506.9
1584,54,49,1,2059.2000000000003
2624,115,47,0,2624.0
684,73,94,1,1026.0
462,1,70,0,762.0
1402,42,18,1,1402.0
1061,19,86,0,1061.0
2603,97,84,0,2603.0
1892,34,70,0,1892.0
1366,80,89,0,1366.0
1248,108,25,0,1248.0
1507,104,11,1,1507.0
1088,55,81,1,1632.0
547,18,52,0,547.0
741,34,51,0,741.0
2923,89,86,1,4384.5
1486,45,66,1,2229.0
2124,6,90,1,3186.0
1783,21,97,1,2674.5
726,70,76,1,1089.0
2192,96,39,0,2192.0
2159,105,22,0,2159.0
1389,48,28,1,1527.9
2662,107,16,1,2662.0
2882,39,18,1,2882.0
1351,31,92,1,2026.5
1122,106,63,1,1683.0
2479,10,95,1,3718.5
2732,30,91,1,4098.0
828,116,70,1,1242.0
1900,18,96,1,2850.0
685,60,11,0,685.0
2465,88,59,1,3451.0
1168,116,84,1,1752.0
1794,73,40,0,1794.0
593,95,42,0,593.0
2949,15,87,0,2949.0
1387,4,89,1,2080.5
1536,63,20,1,1689.6000000000001
2561,40,42,1,3329.3
2101,9,16,1,2101.0
1346,109,40,0,1346.0
1230,9,57,1,1722.0
2320,26,56,1,3248.0
454,4,87,0,454.0
1199,81,62,1,1798.5
1177,16,89,1,1765.5
1881,15,28,1,2069.1000000000004
2301,99,90,1,3451.5
2609,52,99,0,2609.0
2534,69,15,0,2534.0
454,119,58,0,454.0
2223,5,82,0,2223.0
1601,20,59,1,2241.3999999999996
1232,79,90,1,1848.0
712,18,21,1,783.2
2258,111,32,0,2258.0
2407,2,63,0,2707.0
2406,93,78,0,2406.0
2890,13,68,1,4335.0
2190,4,45,1,2847.0
727,42,12,0,727.0
1687,109,67,0,1687.0
2543,74,97,1,3814.5
1511,61,64,1,2266.5
1711,95,66,1,2566.5
2938,105,26,0,2938.0
851,8,48,0,851.0
1923,67,99,0,1923.0
564,112,77,0,564.0
581,63,64,1,871.5
2916,110,54,1,4082.3999999999996
1309,9,85,1,1963.5
1222,94,10,0,1222.0
1343,117,30,1,1611.6
2401,11,92,1,3601.5
2454,99,30,1,2944.7999999999997
729,101,61,1,1093.5
1174,42,91,1,1761.0
2598,13,52,0,2598.0
546,36,61,1,819.0
1314,13,76,1,1971.0
1971,12,53,0,1971.0
1708,37,41,0,1708.0
481,74,19,1,481.0
913,73,73,1,1369.5
2320,52,88,1,3480.0
2339,71,78,1,3508.5
1145,2,77,0,1445.0
1809,118,37,1,2170.7999999999997
1106,56,62,0,1106.0
870,60,60,1,1305.0
795,23,62,1,1192.5
1955,103,13,1,1955.0
2708,40,88,0,2708.0
1204,64,26,1,1324.4
1333,103,76,1,1999.5
1679,85,83,0,1679.0
2157,23,56,1,3019.7999999999997
1304,29,65,0,1304.0
1476,78,32,1,1771.2
2290,90,27,0,2290.0
1923,51,10,0,1923.0
1787,69,44,0,1787.0
1703,119,73,1,2554.5
992,95,67,0,992.0
2506,89,68,0,2506.0
527,31,10,1,527.0
1135,50,12,0,1135.0
2973,20,76,1,4459.5
920,108,46,1,1196.0
2999,55,92,0,2999.0
636,81,38,0,636.0
1704,109,98,1,2556.0
2181,2,42,0,2481.0
1701,25,70,0,1701.0
2941,13,99,0,2941.0
2451,103,13,0,2451.0
841,92,23,1,925.1
2476,106,42,1,3218.8
1204,119,31,0,1204.0
474,70,57,1,663.5999999999999
2575,67,12,0,2575.0
2489,58,96,0,2489.0
1779,99,94,0,1779.0
440,82,32,0,440.0
2481,75,77,1,3721.5
2100,118,30,0,2100.0
1801,84,52,1,2521.3999999999996
987,64,94,0,987.0
2022,69,35,1,2426.4
741,83,50,1,1037.3999999999999
2474,86,47,1,3216.2000000000003
1045,59,97,1,1567.5
1130,60,20,0,1130.0
567,83,38,1,680.4
1009,111,69,0,1009.0
2715,62,76,1,4072.5
2172,16,74,1,3258.0
2440,88,70,1,3660.0
854,105,28,0,854.0
2108,68,55,1,2951.2
1101,15,58,0,1101.0
1999,89,31,0,1999.0
529,108,87,0,529.0
2245,55,66,1,3367.5
1786,35,23,1,1964.6000000000001
1092,55,53,1,1528.8
1794,14,25,1,1973.4
1193,49,86,1,1789.5
428,83,21,1,470.8
548,102,64,1,822.0
1719,100,60,0,1719.0
2458,7,48,1,3195.4
1536,30,42,0,1536.0
586,83,42,0,586.0
1650,49,38,1,1980.0
1733,89,78,1,2599.5
497,16,79,0,497.0
454,111,40,0,454.0
1157,118,89,1,1735.5
805,104,40,0,805.0
2516,51,98,0,2516.0
1712,72,55,0,1712.0
2185,82,86,0,2185.0
1150,92,61,1,1725.0
2162,80,19,1,2162.0
764,116,97,0,764.0
2426,83,83,0,2426.0
881,42,50,0,881.0
2648,17,86,1,3972.0
553,63,12,1,553.0
1924,45,68,0,1924.0
2520,77,61,0,2520.0
2743,7,43,0,2743.0
1440,27,58,1,2015.9999999999998
2064,10,37,0,2064.0
1640,34,92,0,1640.0
460,36,96,0,460.0
1338,25,22,0,1338.0
2039,6,78,0,2039.0
2489,24,76,1,3733.5
424,18,70,1,636.0
1462,87,69,1,2193.0
530,6,80,0,530.0
1652,29,33,1,1982.3999999999999
507,25,72,0,507.0
571,55,95,1,856.5
1858,81,70,1,2787.0
501,46,32,0,501.0
2971,24,39,0,2971.0
2722,75,69,0,2722.0
2036,26,27,1,2239.6000000000004
1440,115,65,0,1440.0
729,98,62,1,1093.5
1920,28,16,1,1920.0
411,3,78,1,616.5
1741,75,81,0,1741.0
615,38,88,0,615.0
738,61,61,0,738.0
2199,78,13,1,2199.0
2150,51,43,1,2795.0
1908,90,78,0,1908.0
2821,48,42,1,3667.3
1109,21,78,1,1663.5
1623,54,47,1,2109.9
2913,56,35,0,2913.0
1512,103,10,1,1512.0
1691,94,13,1,1691.0
888,59,48,0,888.0
1961,72,63,0,1961.0
446,51,99,0,446.0
1177,20,42,0,1177.0
1439,112,42,0,1439.0
1110,96,81,0,1110.0
800,86,29,1,880.0000000000001
2217,59,25,1,2438.7000000000003
649,71,30,1,778.8
790,9,54,1,1106.0
734,109,99,0,734.0
1028,1,96,1,1542.0
536,29,91,0,536.0
1921,63,71,0,1921.0
1226,72,40,1,1593.8
1126,56,51,1,1576.3999999999999
1900,118,21,0,1900.0
1389,68,74,0,1389.0
2819,35,82,0,2819.0
1334,3,12,0,1334.0
801,118,99,1,1201.5
1866,109,18,0,1866.0
1014,104,60,1,1521.0
1696,7,25,0,1696.0
1582,27,97,0,1582.0
2635,1,87,0,3425.5
1521,91,12,1,1521.0
530,80,33,0,530.0
1594,102,82,1,2391.0
582,71,22,1,640.2
763,44,11,1,763.0
438,87,80,0,438.0
2944,41,30,1,3532.7999999999997
1772,75,28,1,1949.2
1320,42,98,0,1320.0
415,117,56,0,415.0
892,33,31,1,1070.3999999999999
1849,50,84,1,2773.5
1531,63,42,0,1531.0
710,100,41,1,923.0
1138,37,73,1,1707.0
945,105,94,1,1417.5
2861,59,48,0,2861.0
650,81,93,1,975.0
1158,99,81,0,1158.0
2204,48,51,0,2204.0
1697,5,18,0,1697.0
2031,48,34,1,2437.2
2314,96,98,0,2314.0
1213,3,11,1,1213.0
428,116,28,0,428.0
1357,47,29,1,1492.7
2432,62,79,1,3648.0
876,99,26,1,963.6
717,116,98,0,717.0
644,14,77,1,966.0
1147,63,93,1,1720.5
1096,112,12,0,1096.0
671,61,96,0,671.0
2171,31,60,1,3256.5
1662,95,91,0,1662.0
2824,17,35,0,2824.0
665,24,65,0,665.0
1320,116,73,1,1980.0
739,23,17,0,739.0
788,82,90,1,1182.0
2450,50,46,0,2450.0
1565,118,36,0,1565.0
775,78,54,1,1085.0
2433,114,13,0,2433.0
2771,79,95,0,2771.0
545,79,99,0,545.0
2381,70,97,0,2381.0
692,27,46,1,899.6
831,15,80,1,1246.5
1104,50,42,1,1435.2
2398,36,40,1,3117.4
798,119,64,1,1197.0
1363,8,21,1,1499.3000000000002
2634,79,20,1,2897.4
2441,3,97,0,2441.0
2228,62,81,1,3342.0
2508,47,41,1,3260.4
1338,77,66,1,2007.0
1109,105,47,0,1109.0
1206,98,69,1,1809.0
1863,88,95,1,2794.5
1725,104,28,1,1897.5000000000002
410,96,93,0,410.0
1485,61,65,1,2227.5
2268,32,23,0,2268.0
2673,94,42,0,2673.0
1171,116,19,0,1171.0
1994,113,89,0,1994.0
2007,13,73,1,3010.5
1733,1,73,0,2033.0
1284,34,71,0,1284.0
1789,62,77,1,2683.5
625,79,52,0,625.0
1224,108,89,0,1224.0
2665,78,68,0,2665.0
1336,93,61,0,1336.0
2953,98,28,0,2953.0
2706,82,30,0,2706.0
2311,118,31,1,2773.2
2196,71,18,1,2196.0
453,93,18,1,453.0
1126,119,82,1,1689.0
1944,31,36,0,1944.0
1443,64,26,0,1443.0
2313,25,53,0,2313.0
2176,38,54,1,3046.3999999999996
1996,14,17,1,1996.0
2314,8,89,0,2314.0
2866,91,27,0,2866.0
1249,54,42,1,1623.7
2509,2,10,1,2509.0
2663,81,85,1,3994.5
402,101,15,1,402.0
559,78,50,0,559.0
1180,89,64,1,1770.0
1292,56,14,1,1292.0
2430,94,68,0,2430.0
2776,93,89,0,2776.0
979,84,27,0,979.0
2333,85,58,1,3266.2
1780,61,91,1,2670.0
1690,117,74,1,2535.0
2040,22,92,1,3060.0
1351,35,63,0,1351.0
1387,101,70,0,1387.0
1618,16,17,1,1618.0
1320,50,12,1,1320.0
1755,113,34,1,2106.0
569,43,78,0,569.0
920,17,64,1,1380.0
1886,80,49,0,1886.0
439,58,92,1,658.5
1960,119,91,0,1960.0
1818,2,59,0,2118.0
1354,4,42,1,1760.2
1383,85,27,0,1383.0
1374,39,66,0,1374.0
437,98,25,1,480.70000000000005
2775,94,89,0,2775.0
1674,6,47,1,2176.2000000000003
1599,81,50,0,1599.0
2025,103,16,0,2025.0
1313,89,87,0,1313.0
853,69,62,0,853.0
436,69,72,1,654.0
2111,20,98,1,3166.5
1195,64,41,1,1553.5
1372,16,47,0,1372.0
992,51,31,0,992.0
1537,105,25,1,1690.7
1724,37,61,1,2586.0
2671,104,38,1,3205.2
717,73,25,1,788.7
2796,69,85,0,2796.0
2562,42,26,1,2818.2000000000003
1746,57,73,0,1746.0
1991,66,98,1,2986.5
2289,9,22,0,2289.0
2487,107,81,1,3730.5
2396,100,65,1,3594.0
2172,86,14,0,2172.0
1712,64,21,0,1712.0
1685,86,50,1,2359.0
615,22,12,0,615.0
2783,34,42,1,3617.9
2539,55,95,0,2539.0
2800,29,59,1,3919.9999999999995
2104,38,65,1,3156.0
762,110,18,1,762.0
2116,97,91,1,3174.0
1593,18,59,1,2230.2
755,71,38,1,906.0
590,65,48,1,767.0
2869,97,54,1,4016.6
1099,1,26,0,1399.0
2454,88,65,0,2454.0
2580,4,55,0,2580.0
956,4,76,1,1434.0
1225,82,78,1,1837.5
1454,27,23,1,1599.4
2982,43,76,0,2982.0
825,59,32,0,825.0
2810,32,70,0,2810.0
1974,33,32,0,1974.0
2529,28,36,0,2529.0
2803,106,63,1,4204.5
988,105,19,0,988.0
2412,55,98,1,3618.0
1947,100,86,1,2920.5
694,60,25,1,763.4000000000001
2385,70,50,0,2385.0
1647,62,64,0,1647.0
1948,80,70,1,2922.0
2090,34,95,0,2090.0
1536,87,90,0,1536.0
1656,114,96,1,2484.0
2464,106,58,1,3449.6
759,88,82,1,1138.5
1099,56,61,1,1648.5
847,113,11,1,847.0
2812,13,59,0,2812.0
1074,56,95,1,1611.0
1407,18,52,0,1407.0
1749,54,86,0,1749.0
2914,77,17,1,2914.0
2861,113,68,1,4291.5
985,101,74,0,985.0
1656,43,90,1,2484.0
1647,39,21,0,1647.0
1393,61,13,1,1393.0
1835,42,86,1,2752.5
971,81,50,0,971.0
2782,79,16,0,2782.0
1645,18,96,1,2467.5
2484,23,97,1,3726.0
1388,54,78,1,2082.0
677,115,78,0,677.0
1619,30,90,1,2428.5
2287,98,39,1,2744.4
883,58,82,1,1324.5
1665,68,15,1,1665.0
1130,67,98,0,1130.0
2639,71,28,0,2639.0
1440,18,89,0,1440.0
2971,106,94,1,4456.5
1317,7,75,1,1975.5
2848,40,19,1,2848.0
1285,70,25,0,1285.0
421,86,46,0,421.0
873,65,88,0,873.0
2657,68,86,0,2657.0
2753,110,86,1,4129.5
1103,49,41,0,1103.0
1086,52,56,0,1086.0
684,114,81,1,1026.0
1115,107,52,0,1115.0
1162,29,91,1,1743.0
1650,21,45,1,2145.0
1347,90,35,1,1616.3999999999999
2828,78,19,1,2828.0
2907,9,40,1,3779.1
1430,47,38,0,1430.0
428,76,14,0,428.0
1306,42,86,1,1959.0
2526,51,10,0,2526.0
2906,56,96,1,4359.0
969,51,12,0,969.0
2406,70,76,0,2406.0
1853,20,80,0,1853.0
1137,88,44,0,1137.0
915,27,24,0,915.0
2400,38,76,0,2400.0
2844,72,39,0,2844.0
438,65,91,1,657.0
1286,54,84,1,1929.0
2604,113,52,1,3645.6
1498,113,69,0,1498.0
2223,24,49,0,2223.0
2110,47,74,1,3165.0
1373,71,38,1,1647.6
1962,83,83,0,1962.0
1388,86,28,1,1526.8000000000002
420,63,12,1,420.0
2750,57,45,1,3575.0
1268,55,52,1,1775.1999999999998
483,60,24,0,483.0
2082,99,50,1,2914.7999999999997
2376,62,99,1,3564.0
1810,30,89,1,2715.0
1930,93,45,1,2509.0
969,22,93,0,969.0
1333,75,86,1,1999.5
2380,84,42,1,3094.0
2255,29,14,1,2255.0
1192,115,87,1,1788.0
1191,41,96,1,1786.5
2209,42,23,0,2209.0
1694,98,77,1,2541.0
2939,65,92,1,4408.5
2655,31,56,0,2655.0
2007,30,63,1,3010.5
1483,112,13,0,1483.0
2877,18,92,1,4315.5
1384,119,18,0,1384.0
2080,17,62,0,2080.0
919,38,86,1,1378.5
990,14,87,0,990.0
1450,87,69,1,2175.0
2109,89,55,0,2109.0
2435,79,63,0,2435.0
2646,110,83,1,3969.0
2834,56,46,0,2834.0
748,22,32,1,897.6
1359,67,36,0,1359.0
2363,56,79,0,2363.0
1092,119,99,1,1638.0
1959,19,75,1,2938.5
777,57,70,0,777.0
926,44,86,1,1389.0
2653,98,60,1,3979.5
2902,35,59,0,2902.0
1659,114,28,0,1659.0
2275,1,10,1,2275.0
2163,52,49,0,2163.0
920,85,41,1,1196.0
2101,93,31,1,2521.2
1416,70,75,1,2124.0
1413,37,49,1,1836.9
2948,65,47,1,3832.4
516,51,57,1,722.4
2833,1,64,0,3133.0
1767,91,84,1,2650.5
983,21,90,0,983.0
794,53,64,1,1191.0
1487,16,60,0,1487.0
471,108,69,0,471.0
673,61,17,0,673.0
2413,54,95,1,3619.5
1743,40,77,0,1743.0
737,26,84,0,737.0
1789,80,81,1,2683.5
1006,92,18,0,1006.0
565,65,99,0,565.0
1967,100,11,1,1967.0
2458,74,89,0,2458.0
1724,64,79,0,1724.0
1128,43,94,1,1692.0
2443,17,99,0,2443.0
501,59,68,0,501.0
1815,23,28,0,1815.0
1178,7,37,0,1178.0
613,44,81,1,919.5
1511,53,23,1,1662.1000000000001
1976,71,33,1,2371.2
2848,108,53,1,3987.2
2095,79,65,0,2095.0
991,34,99,1,1486.5
1733,46,60,1,2599.5
1509,109,41,0,1509.0
2539,68,59,0,2539.0
1113,78,50,0,1113.0
1335,78,75,1,2002.5
2351,16,34,0,2351.0
641,71,70,0,641.0
2443,96,75,0,2443.0
401,19,51,1,561.4
2672,2,74,1,4008.0
2168,10,45,1,2818.4
2349,50,85,1,3523.5
2563,81,18,1,2563.0
1317,101,45,1,1712.1000000000001
2641,12,47,1,3433.3
489,70,42,0,489.0
2109,22,51,0,2109.0
2569,32,70,0,2569.0
542,105,55,1,758.8
505,84,95,1,757.5
1286,1,98,0,1671.8
827,54,70,0,827.0
1728,111,27,1,1900.8000000000002
2295,117,79,1,3442.5
2394,58,91,1,3591.0
716,70,89,1,1074.0
2386,83,24,1,2624.6000000000004
1034,18,57,1,1447.6
2325,6,81,1,3487.5
2456,45,22,1,2701.6000000000004
2670,97,52,0,2670.0
1839,23,69,1,2758.5
952,23,66,1,1428.0
1115,26,80,1,1672.5
1687,77,26,0,1687.0
2113,7,59,0,2113.0
2283,79,41,1,2967.9
1507,44,31,0,1507.0
1741,27,64,0,1741.0
510,26,66,0,510.0
650,97,22,1,715.0000000000001
2830,79,56,1,3961.9999999999995
2454,36,96,1,3681.0
858,109,71,1,1287.0
1507,55,63,1,2260.5
607,64,38,1,728.4
1299,91,31,1,1558.8
421,57,74,0,421.0
809,69,38,1,970.8
1294,61,57,1,1811.6
914,2,14,1,914.0
1208,55,44,1,1570.4
1273,97,83,1,1909.5
413,80,92,1,619.5
1370,87,80,1,2055.0
2534,38,55,1,3547.6
1960,119,44,0,1960.0
1724,80,54,0,1724.0
1666,78,22,1,1832.6000000000001
2569,29,19,1,2569.0
1149,26,75,0,1149.0
1084,35,79,1,1626.0
2327,79,81,1,3490.5
2756,67,34,0,2756.0
1094,87,53,1,1531.6
2735,29,69,1,4102.5
706,34,56,1,988.4
2389,97,49,0,2389.0
1061,41,16,0,1061.0
948,41,55,1,1327.1999999999998
711,23,32,0,711.0
1482,71,92,0,1482.0
2137,3,55,0,2137.0
1154,58,95,1,1731.0
434,32,22,0,434.0
844,31,30,0,844.0
2540,82,10,0,2540.0
2382,43,28,1,2620.2000000000003
1630,7,69,0,1630.0
752,105,42,0,752.0
1302,1,13,1,1302.0
1755,61,12,0,1755.0
2148,14,61,0,2148.0
558,52,37,0,558.0
2377,96,79,1,3565.5
1356,6,79,1,2034.0
2471,103,64,0,2471.0
803,10,66,0,803.0
915,71,96,0,915.0
1787,90,25,0,1787.0
2979,98,33,0,2979.0
1355,30,78,0,1355.0
2599,100,50,1,3638.6
2112,21,86,0,2112.0
1007,60,56,0,1007.0
2867,81,85,0,2867.0
1673,97,78,1,2509.5
1935,74,40,0,1935.0
2782,115,39,1,3338.4
1841,63,27,0,1841.0
2197,111,53,0,2197.0
694,42,36,0,694.0
1154,51,35,0,1154.0
1794,64,69,0,1794.0
585,76,27,0,585.0
1669,56,98,1,2503.5
1036,80,65,0,1036.0
1691,41,40,0,1691.0
929,32,68,0,929.0
2468,15,11,1,2468.0
1193,62,48,0,1193.0
2547,27,70,1,3820.5
877,28,72,0,877.0
2022,81,27,0,2022.0
1339,64,26,1,1472.9
925,110,48,1,1202.5
2781,59,80,0,2781.0
401,114,63,1,601.5
774,58,85,1,1161.0
2740,2,44,0,3040.0
952,36,20,0,952.0
2765,114,70,0,2765.0
1925,71,53,1,2695.0
2251,13,77,0,2251.0
780,15,34,0,780.0
2046,89,57,1,2864.3999999999996
413,87,41,1,536.9
903,60,93,0,903.0
2678,22,13,1,2678.0
2408,63,47,1,3130.4
529,90,72,1,793.5
1237,97,56,0,1237.0
2440,75,10,0,2440.0
427,74,12,0,427.0
2513,25,95,1,3769.5
1652,101,71,0,1652.0
660,48,73,0,660.0
2446,43,26,1,2690.6000000000004
1872,117,87,1,2808.0
1847,38,71,0,1847.0
859,41,44,1,1116.7
700,45,22,0,700.0
2734,88,44,0,2734.0
1029,40,52,0,1029.0
669,110,11,1,669.0
2393,97,65,1,3589.5
2028,17,86,0,2028.0
2201,88,60,0,2201.0
1261,101,63,0,1261.0
1680,57,25,0,1680.0
2580,2,27,1,2838.0000000000005
2199,96,16,0,2199.0
2106,62,54,0,2106.0
2960,88,45,1,3848.0
2760,9,50,0,2760.0
975,68,51,0,975.0
2403,81,16,0,2403.0
1707,17,24,0,1707.0
2356,117,69,0,2356.0
2420,50,49,1,3146.0
2612,112,92,1,3918.0
2752,94,46,1,3577.6
2055,40,75,1,3082.5
1979,58,64,0,1979.0
2247,75,86,1,3370.5
2603,85,89,1,3904.5
1790,21,65,1,2685.0
2142,18,53,1,2998.7999999999997
2325,55,66,1,3487.5
1019,29,15,1,1019.0
1674,24,41,1,2176.2000000000003
1356,74,83,1,2034.0
2339,109,27,0,2339.0
2781,17,77,1,4171.5
1368,18,82,0,1368.0
2958,42,16,1,2958.0
1716,112,17,1,1716.0
1443,84,73,1,2164.5
681,101,16,0,681.0
2566,45,50,0,2566.0
1458,82,49,1,1895.4
597,17,12,0,597.0
2932,73,26,1,3225.2000000000003
1482,14,75,0,1482.0
1584,49,88,0,1584.0
1408,29,61,0,1408.0
1629,95,31,1,1954.8
1435,4,13,0,1435.0
889,82,15,0,889.0
675,20,47,1,877.5
2689,47,35,0,2689.0
1639,107,20,1,1802.9
1674,108,99,1,2511.0
525,9,26,0,525.0
616,77,97,1,924.0
1608,79,40,0,1608.0
1646,27,86,0,1646.0
2942,15,44,1,3824.6
2874,92,25,0,2874.0
1318,101,88,0,1318.0
1717,119,27,1,1888.7
2598,19,71,1,3897.0
2831,90,36,0,2831.0
2061,52,44,1,2679.3
707,26,54,1,989.8
1759,89,44,1,2286.7000000000003
2369,26,37,1,2842.7999999999997
1291,26,18,0,1291.0
774,46,85,0,774.0
2433,92,24,1,2676.3
1764,49,30,0,1764.0
528,82,61,1,792.0
1414,96,44,1,1838.2
2199,53,60,0,2199.0
1781,3,92,0,1781.0
916,66,64,0,916.0
1918,97,96,0,1918.0
485,42,86,1,727.5
1598,19,53,1,2237.2
2758,17,74,0,2758.0
1542,108,97,1,2313.0
2874,33,89,0,2874.0
2393,76,34,0,2393.0
2561,49,96,0,2561.0
702,56,56,1,982.8
987,63,89,1,1480.5
1386,3,65,0,1386.0
2263,107,47,0,2263.0
744,49,20,0,744.0
1213,55,76,0,1213.0
2387,26,24,1,2625.7000000000003
1710,99,10,1,1710.0
2399,72,16,0,2399.0
2077,52,10,0,2077.0
1727,100,58,1,2417.7999999999997
1492,117,82,0,1492.0
2808,118,38,1,3369.6
1409,7,35,1,1690.8
1103,46,96,0,1103.0
974,46,54,1,1363.6
2008,100,80,1,3012.0
1512,16,21,1,1663.2
1087,24,41,1,1413.1000000000001
888,61,29,0,888.0
1747,54,60,1,2620.5
893,62,90,1,1339.5
2067,1,45,1,2687.1
2037,49,76,0,2037.0
418,25,10,0,418.0
2844,10,36,0,2844.0
1400,118,49,1,1820.0
1250,80,93,0,1250.0
1788,16,23,0,1788.0
1754,58,78,0,1754.0
1767,72,96,1,2650.5
1221,29,88,0,1221.0
854,103,15,0,854.0
2024,92,42,0,2024.0
1110,6,64,1,1665.0
2590,16,28,1,2849.0000000000005
1316,20,86,0,1316.0
1896,80,38,0,1896.0
1840,71,70,0,1840.0
704,105,79,1,1056.0
1135,78,88,1,1702.5
2738,43,89,0,2738.0
2363,26,33,1,2835.6
2549,90,32,0,2549.0
2409,78,19,1,2409.0
1361,71,63,0,1361.0
1426,33,50,1,1996.3999999999999
2532,26,58,0,2532.0
2775,45,26,1,3052.5000000000005
1873,84,65,0,1873.0
2901,63,54,0,2901.0
2347,67,39,0,2347.0
1577,52,53,0,1577.0
1064,68,83,1,1596.0
411,26,64,0,411.0
1556,75,28,1,1711.6000000000001
703,2,38,1,843.6
2163,14,11,0,2163.0
442,108,45,0,442.0
1343,30,28,0,1343.0
2790,49,16,0,2790.0
1749,12,35,1,2098.7999999999997
2945,90,88,1,4417.5
2811,44,47,1,3654.3
1290,33,12,1,1290.0
2874,13,89,0,2874.0
1404,78,75,1,2106.0
420,88,80,0,420.0
806,98,52,0,806.0
1414,108,71,1,2121.0
735,26,80,1,1102.5
2238,21,33,1,2685.6
1547,28,48,1,2011.1000000000001
2846,48,77,1,4269.0
2227,100,53,1,3117.7999999999997
1114,40,14,0,1114.0
450,66,64,0,450.0
723,106,39,0,723.0
1188,73,38,1,1425.6
540,87,35,0,540.0
869,79,92,0,869.0
1186,77,35,0,1186.0
2225,23,46,0,2225.0
1757,81,62,0,1757.0
2316,48,39,0,2316.0
1363,2,12,1,1363.0
772,84,52,1,1080.8
2941,20,16,1,2941.0
2092,59,58,0,2092.0
1579,46,82,1,2368.5
2738,3,50,1,3833.2
2071,55,86,0,2071.0
505,12,88,1,757.5
1843,40,63,0,1843.0
2081,66,78,1,3121.5
401,100,36,0,401.0
2537,78,17,0,2537.0
749,16,41,1,973.7
1686,83,93,0,1686.0
1462,34,73,1,2193.0
2606,44,19,0,2606.0
2759,110,22,1,3034.9
844,6,72,1,1266.0
2745,77,44,0,2745.0
1351,64,70,1,2026.5
435,100,63,1,652.5
1507,22,17,1,1507.0
1875,18,38,0,1875.0
2198,12,50,0,2198.0
2245,52,39,1,2694.0
1808,118,95,1,2712.0
1595,94,30,0,1595.0
1799,117,85,0,1799.0
2108,51,20,1,2318.8
1785,104,11,0,1785.0
2588,71,59,0,2588.0
1700,96,50,1,2380.0
1643,48,75,0,1643.0
920,19,12,0,920.0
2206,6,89,0,2206.0
409,84,60,1,613.5
1383,27,77,0,1383.0
2825,53,96,1,4237.5
2056,107,93,0,2056.0
2060,101,34,0,2060.0
2599,48,39,1,3118.7999999999997
1119,7,91,1,1678.5
1472,59,20,1,1619.2
1258,69,26,1,1383.8000000000002
1716,11,35,0,1716.0
2003,15,32,1,2403.6
449,64,65,1,673.5
2978,3,61,1,4467.0
545,69,57,0,545.0
1314,23,29,0,1314.0
1862,53,11,1,1862.0
2689,37,97,1,4033.5
980,9,40,1,1274.0
1984,15,36,1,2380.7999999999997
882,3,11,0,882.0
1649,93,87,1,2473.5
1072,70,13,0,1072.0
1030,17,22,1,1133.0
1061,26,44,1,1379.3
2866,21,81,0,2866.0
1387,72,75,1,2080.5
1946,21,15,1,1946.0
1049,11,40,1,1363.7
1368,38,19,1,1368.0
1500,72,30,0,1500.0
2956,106,83,1,4434.0
840,88,32,1,1008.0
1320,35,12,0,1320.0
1169,119,41,1,1519.7
1743,14,29,0,1743.0
2226,119,83,1,3339.0
662,14,38,1,794.4
1977,10,61,1,2965.5
2906,12,55,0,2906.0
1398,38,43,0,1398.0
1099,108,93,1,1648.5
2749,119,70,0,2749.0
2003,110,81,1,3004.5
1641,34,80,0,1641.0
1525,41,79,1,2287.5
2735,10,20,0,2735.0
1590,17,91,1,2385.0
1405,17,98,0,1405.0
435,67,72,0,435.0
1143,62,30,0,1143.0
2164,95,12,0,2164.0
752,115,91,1,1128.0
2322,1,97,1,3483.0
472,12,19,0,472.0
1776,103,36,1,2131.2
2314,4,21,0,2314.0
1493,42,16,1,1493.0
2872,13,26,0,2872.0
1107,98,74,1,1660.5
2204,106,73,1,3306.0
1355,85,35,0,1355.0
2964,86,24,0,2964.0
2875,4,42,0,2875.0
559,82,71,0,559.0
2596,69,56,0,2596.0
2135,19,44,1,2775.5
1985,2,74,0,2285.0
466,12,81,1,699.0
2828,81,85,0,2828.0
457,74,92,1,685.5
741,98,34,1,889.1999999999999
1553,6,66,0,1553.0
1595,8,41,0,1595.0
1632,51,72,1,2448.0
2801,11,21,1,3081.1000000000004
1894,63,72,0,1894.0
2221,57,86,1,3331.5
515,12,10,1,515.0
1061,73,60,1,1591.5
1865,2,79,1,2797.5
2900,8,17,1,2900.0
2268,11,77,1,3402.0
2734,53,14,0,2734.0
1416,100,98,0,1416.0
710,10,95,0,710.0
607,85,48,0,607.0
2893,84,32,1,3471.6
1032,112,77,0,1032.0
2502,8,61,1,3753.0
1056,36,13,1,1056.0
1823,93,56,0,1823.0
2331,106,30,0,2331.0
2962,76,65,1,4443.0
2079,14,75,0,2079.0
636,112,68,0,636.0
747,54,16,1,747.0
1029,114,58,1,1440.6
1940,85,25,1,2134.0
2403,86,26,1,2643.3
1671,21,93,1,2506.5
763,108,96,1,1144.5
2768,50,84,0,2768.0
685,94,43,0,685.0
548,39,42,0,548.0
1507,20,35,1,1808.3999999999999
2853,88,75,1,4279.5
855,87,72,0,855.0
2166,7,96,0,2166.0
1199,9,50,0,1199.0
1584,1,95,1,2376.0
1412,26,67,0,1412.0
2907,38,88,0,2907.0
1923,38,19,0,1923.0
2956,118,24,1,3251.6000000000004
880,61,51,0,880.0
2086,44,66,0,2086.0
2561,86,96,1,3841.5
2001,44,26,1,2201.1000000000004
2808,74,69,1,4212.0
740,119,18,1,740.0
2410,62,45,1,3133.0
2896,6,82,0,2896.0
2266,17,89,0,2266.0
1234,51,45,1,1604.2
1603,114,57,1,2244.2
2125,38,60,1,3187.5
2089,24,79,1,3133.5
710,51,83,0,710.0
661,10,89,0,661.0
1842,72,77,1,2763.0
805,21,31,1,966.0
2590,70,86,1,3885.0
741,85,89,1,1111.5
1739,57,15,0,1739.0
643,39,35,1,771.6
889,88,84,1,1333.5
411,33,97,0,411.0
960,59,12,1,960.0
441,18,61,0,441.0
993,56,83,1,1489.5
1852,92,69,1,2778.0
2226,57,72,0,2226.0
2093,116,74,1,3139.5
533,96,61,0,533.0
1347,76,99,0,1347.0
472,48,85,0,472.0
798,42,23,1,877.8000000000001
1828,27,98,1,2742.0
529,74,81,0,529.0
2211,110,77,1,3316.5
2401,52,37,1,2881.2
665,42,80,1,997.5
1960,32,19,0,1960.0
2385,106,66,0,2385.0
1192,26,75,1,1788.0
2700,25,99,0,2700.0
1712,75,59,1,2396.7999999999997
563,23,23,1,619.3000000000001
494,98,25,1,543.4000000000001
2205,57,63,0,2205.0
1533,52,52,0,1533.0
2783,104,51,1,3896.2
1221,87,90,0,1221.0
637,93,31,1,764.4
2828,31,77,0,2828.0
2930,64,28,0,2930.0
2360,71,75,0,2360.0
1448,104,48,1,1882.4
2076,33,82,1,3114.0
2929,85,28,1,3221.9
1363,2,25,0,1663.0
936,18,63,1,1404.0
2003,47,34,1,2403.6
2379,33,27,1,2616.9
527,101,32,1,632.4
491,98,94,0,491.0
942,84,20,0,942.0
1245,35,48,1,1618.5
2081,51,77,0,2081.0
2251,114,34,0,2251.0
2894,118,72,0,2894.0
789,18,39,0,789.0
2284,110,54,0,2284.0
442,88,99,1,663.0
653,72,70,0,653.0
1483,30,60,1,2224.5
2914,44,18,1,2914.0
2734,53,85,1,4101.0
1940,10,11,0,1940.0
2353,87,14,0,2353.0
2792,52,71,0,2792.0
1041,49,78,0,1041.0
2829,11,61,1,4243.5
1089,66,95,1,1633.5
1676,58,14,1,1676.0
2350,90,68,0,2350.0
1479,36,77,1,2218.5
1886,33,18,1,1886.0
856,47,31,1,1027.2
1382,13,36,0,1382.0
2530,40,19,1,2530.0
1522,89,89,1,2283.0
548,68,70,0,548.0
1752,42,60,1,2628.0
1579,19,19,0,1579.0
589,82,15,1,589.0
1282,101,71,0,1282.0
2710,94,14,0,2710.0
799,19,79,0,799.0
1008,58,72,1,1512.0
2195,23,65,1,3292.5
2038,54,68,0,2038.0
1975,80,72,0,1975.0
2548,65,98,0,2548.0
1782,12,68,0,1782.0
1803,24,60,0,1803.0
1219,34,59,0,1219.0
1219,53,13,0,1219.0
819,8,57,0,819.0
523,18,41,0,523.0
821,57,60,0,821.0
1908,112,61,0,1908.0
1997,5,83,0,1997.0
1167,26,43,1,1517.1000000000001
2444,30,45,0,2444.0
2930,54,79,1,4395.0
2966,13,52,1,4152.4
2602,83,25,1,2862.2000000000003
2539,29,68,0,2539.0
1949,3,62,1,2923.5
2902,90,28,0,2902.0
2164,104,98,1,3246.0
2444,58,50,0,2444.0
909,76,90,0,909.0
1606,2,56,1,2248.3999999999996
785,75,63,1,1177.5
1997,108,64,0,1997.0
2852,28,28,1,3137.2000000000003
2693,82,71,0,2693.0
1141,77,68,0,1141.0
2311,101,74,0,2311.0
1846,86,77,1,2769.0
1300,76,37,0,1300.0
2512,2,27,0,2812.0
2660,101,35,0,2660.0
2409,7,28,0,2409.0
641,26,64,1,961.5
2940,90,66,1,4410.0
2785,88,15,1,2785.0
2420,76,10,1,2420.0
572,16,17,0,572.0
1071,23,60,0,1071.0
563,40,94,0,563.0
864,60,97,0,864.0
896,73,34,0,896.0
1099,32,56,0,1099.0
2842,15,64,1,4263.0
1102,101,73,0,1102.0
2340,13,92,0,2340.0
2755,5,19,0,2755.0
2191,75,65,1,3286.5
582,74,21,0,582.0
1028,52,42,0,1028.0
2957,77,80,0,2957.0
2131,41,26,1,2344.1000000000004
945,53,70,0,945.0
1987,110,19,0,1987.0
1023,50,40,1,1329.9
993,15,69,0,993.0
1143,106,79,1,1714.5
2168,7,26,0,2168.0
1859,40,59,1,2602.6
2348,28,46,0,2348.0
2468,32,91,0,2468.0
2844,99,71,1,4266.0
504,15,99,0,504.0
2639,112,89,0,2639.0
416,100,81,1,624.0
792,85,97,0,792.0
824,70,86,1,1236.0
2576,65,38,0,2576.0
971,4,41,1,1262.3
2476,11,97,0,2476.0
1520,108,89,0,1520.0
641,26,20,1,705.1
2679,61,15,0,2679.0
1188,37,44,1,1544.4
1114,23,42,1,1448.2
1158,93,27,1,1273.8000000000002
1175,85,46,0,1175.0
2647,112,22,0,2647.0
478,109,83,0,478.0
1255,109,99,1,1882.5
2914,113,90,1,4371.0
1839,91,73,1,2758.5
2896,103,10,0,2896.0
2534,40,72,1,3801.0
2548,77,98,0,2548.0
1431,23,43,0,1431.0
1244,16,19,0,1244.0
486,94,93,0,486.0
2490,61,16,0,2490.0
807,68,65,0,807.0
2068,104,89,0,2068.0
547,80,46,0,547.0
2724,31,38,1,3268.7999999999997
631,53,21,0,631.0
2350,106,26,0,2350.0
765,25,57,1,1071.0
2074,44,93,1,3111.0
835,12,35,1,1002.0
798,90,92,1,1197.0
1634,101,21,0,1634.0
1814,112,30,1,2176.7999999999997
2946,97,51,1,4124.4
2987,92,70,1,4480.5
962,9,67,1,1443.0
2889,12,63,0,2889.0
1684,69,43,1,2189.2000000000003
1172,54,16,1,1172.0
2797,116,44,1,3636.1
2437,54,24,1,2680.7000000000003
2967,28,74,0,2967.0
1743,56,99,1,2614.5
2585,99,34,1,3102.0
1973,69,68,1,2959.5
1391,98,88,0,1391.0
2815,110,95,1,4222.5
1646,98,15,1,1646.0
759,77,61,0,759.0
1320,103,88,1,1980.0
2776,106,97,0,2776.0
2910,109,30,0,2910.0
1362,112,80,1,2043.0
2227,58,41,1,2895.1
2013,78,62,0,2013.0
2040,75,68,0,2040.0
2616,42,78,1,3924.0
616,38,71,0,616.0
777,68,13,0,777.0
518,53,95,1,777.0
589,33,27,0,589.0
769,71,90,0,769.0
2201,56,65,0,2201.0
2596,105,33,0,2596.0
1051,72,75,0,1051.0
2282,101,22,0,2282.0
1911,51,71,1,2866.5
1169,74,63,0,1169.0
2821,43,24,1,3103.1000000000004
1180,15,78,1,1770.0
2116,38,12,1,2116.0
2607,15,46,1,3389.1
2798,5,46,1,3637.4
1711,93,12,1,1711.0
1649,83,72,1,2473.5
922,54,44,1,1198.6000000000001
921,51,61,0,921.0
1182,10,96,1,1773.0
2720,12,37,1,3264.0
1335,118,27,1,1468.5000000000002
2630,4,45,0,2630.0
2088,95,42,1,2714.4
887,18,73,0,887.0
2250,80,35,1,2700.0
1245,104,57,1,1743.0
2571,36,49,0,2571.0
2861,25,26,1,3147.1000000000004
2403,87,49,0,2403.0
2148,76,16,0,2148.0
1085,98,66,1,1627.5
2560,36,17,1,2560.0
2569,101,65,0,2569.0
1967,67,40,0,1967.0
1645,9,68,1,2467.5
438,61,67,1,657.0
2944,53,21,1,3238.4
1179,18,57,0,1179.0
1656,43,40,1,2152.8
2596,35,92,0,2596.0
2327,63,72,1,3490.5
701,119,83,0,701.0
2685,98,48,0,2685.0
1046,105,85,1,1569.0
1062,78,29,0,1062.0
2683,4,57,0,2683.0
2159,93,80,0,2159.0
2650,41,63,0,2650.0
655,45,87,0,655.0
997,50,84,1,1495.5
1061,79,80,1,1591.5
634,28,38,0,634.0
1768,42,83,1,2652.0
2981,80,82,0,2981.0
1169,76,57,0,1169.0
2988,116,83,1,4482.0
612,69,92,0,612.0
862,98,65,0,862.0
2883,106,26,0,2883.0
682,1,18,1,682.0
1886,39,43,1,2451.8
1830,96,54,0,1830.0
487,90,97,0,487.0
1467,17,18,0,1467.0
860,112,16,0,860.0
2725,91,25,0,2725.0
2868,88,28,1,3154.8
2124,35,15,1,2124.0
1776,46,20,1,1953.6000000000001
914,42,85,1,1371.0
1102,118,70,0,1102.0
2053,39,51,0,2053.0
2466,90,22,1,2712.6000000000004
422,49,21,1,464.20000000000005
2860,62,94,0,2860.0
1453,38,83,1,2179.5
2230,23,29,0,2230.0
2555,22,59,0,2555.0
1704,4,45,0,1704.0
1534,49,97,1,2301.0
2583,59,78,1,3874.5
761,73,46,1,989.3000000000001
2576,68,21,1,2833.6000000000004
2299,71,49,1,2988.7000000000003
1684,87,63,0,1684.0
914,2,11,1,914.0
848,49,59,0,848.0
2323,88,50,0,2323.0
1906,104,54,0,1906.0
1647,119,18,1,1647.0
2255,95,71,1,3382.5
1273,111,95,1,1909.5
2920,31,56,1,4087.9999999999995
1828,111,14,1,1828.0
2749,40,85,1,4123.5
2678,48,10,1,2678.0
2154,51,53,1,3015.6
1322,43,31,0,1322.0
2559,98,47,1,3326.7000000000003
1436,55,28,0,1436.0
1816,88,89,0,1816.0
2947,49,40,0,2947.0
2681,90,76,0,2681.0
713,80,96,1,1069.5
2656,57,51,1,3718.3999999999996
2397,111,91,0,2397.0
1437,77,35,0,1437.0
2056,15,22,0,2056.0
2178,27,67,1,3267.0
1414,68,27,0,1414.0
1493,80,76,0,1493.0
1524,64,96,1,2286.0
1097,94,12,0,1097.0
2579,108,64,1,3868.5
1804,30,98,1,2706.0
1555,36,67,0,1555.0
1443,67,72,0,1443.0
2329,86,61,0,2329.0
2983,113,98,1,4474.5
1413,86,33,1,1695.6
626,114,81,1,939.0
2228,114,18,0,2228.0
1892,119,46,0,1892.0
1221,49,92,0,1221.0
2423,76,62,0,2423.0
1270,55,89,0,1270.0
2852,85,33,0,2852.0
2649,56,30,1,3178.7999999999997
2485,68,49,1,3230.5
2195,95,71,1,3292.5
587,44,79,0,587.0
1480,31,78,1,2220.0
1340,58,23,1,1474.0000000000002
2720,87,51,1,3807.9999999999995
2963,118,59,0,2963.0
925,53,70,0,925.0
735,84,13,1,735.0
1478,79,81,0,1478.0
2947,23,97,0,2947.0
2983,28,84,0,2983.0
561,16,26,0,561.0
993,37,94,1,1489.5
2338,21,66,0,2338.0
2606,79,99,1,3909.0
459,17,57,1,642.5999999999999
2301,114,53,0,2301.0
2658,37,54,0,2658.0
805,77,89,0,805.0
1063,19,99,1,1594.5
1532,30,42,1,1991.6000000000001
1499,45,40,1,1948.7
941,18,56,1,1317.3999999999999
1737,78,15,1,1737.0
1397,62,81,1,2095.5
1540,36,80,1,2310.0
1267,100,43,0,1267.0
2466,84,62,1,3699.0
831,52,23,1,914.1
1139,19,25,1,1252.9
1773,109,52,1,2482.2
582,44,82,0,582.0
2560,7,83,1,3840.0
1606,44,90,1,2409.0
2928,117,21,0,2928.0
1569,68,79,0,1569.0
1230,34,28,1,1353.0
2051,66,50,1,2871.3999999999996
1536,69,62,1,2304.0
875,55,38,1,1050.0
1726,10,79,1,2589.0
1370,96,68,1,2055.0
1419,42,98,0,1419.0
1541,41,73,0,1541.0
2236,77,33,1,2683.2
560,103,98,1,840.0
2848,69,25,1,3132.8
597,10,61,0,597.0
1683,10,89,1,2524.5
1059,102,15,0,1059.0
2175,91,46,0,2175.0
1470,60,94,1,2205.0
2410,51,13,0,2410.0
798,21,47,1,1037.4
2133,8,50,0,2133.0
1982,65,90,1,2973.0
2525,92,23,1,2777.5
2571,113,80,0,2571.0
474,103,95,0,474.0
2584,78,60,0,2584.0
1001,85,74,1,1501.5
1236,30,61,0,1236.0
1928,85,39,0,1928.0
899,49,66,1,1348.5
1996,9,88,1,2994.0
537,17,91,0,537.0
2497,69,39,0,2497.0
2194,58,51,0,2194.0
1372,57,20,1,1509.2
2042,62,36,1,2450.4
2285,95,33,0,2285.0
2701,52,48,1,3511.3
2428,61,81,0,2428.0
2300,40,27,0,2300.0
1849,38,86,1,2773.5
946,43,54,0,946.0
1321,63,97,0,1321.0
980,19,96,1,1470.0
1772,100,21,0,1772.0
2356,50,58,0,2356.0
2403,33,40,1,3123.9
2496,13,31,0,2496.0
1103,78,53,0,1103.0
2708,97,73,1,4062.0
2803,62,86,1,4204.5
2025,93,34,1,2430.0
1037,43,60,0,1037.0
1409,49,16,1,1409.0
1040,36,15,0,1040.0
2261,108,33,1,2713.2
1605,10,28,0,1605.0
1085,95,92,0,1085.0
2251,6,18,1,2251.0
587,57,45,0,587.0
2019,1,49,0,2319.0
2087,71,33,1,2504.4
1384,58,57,0,1384.0
947,91,72,0,947.0
1831,21,78,0,1831.0
1275,92,62,1,1912.5
1017,80,63,1,1525.5
2861,56,51,1,4005.3999999999996
1765,110,54,1,2471.0
1643,87,99,1,2464.5
1302,116,23,1,1432.2
562,20,38,1,674.4
2374,102,15,1,2374.0
669,54,16,0,669.0
1031,25,46,0,1031.0
1305,28,62,0,1305.0
2414,5,27,0,2414.0
2041,21,96,1,3061.5
604,18,47,0,604.0
981,47,68,0,981.0
1979,70,10,0,1979.0
1240,57,77,0,1240.0
2236,93,53,0,2236.0
1651,19,56,1,2311.3999999999996
2119,97,44,1,2754.7000000000003
2042,65,96,0,2042.0
2697,109,69,0,2697.0
1274,3,99,0,1274.0
1864,42,61,0,1864.0
2643,21,17,1,2643.0
1089,99,89,0,1089.0
2410,105,50,1,3374.0
1822,40,12,0,1822.0
2401,67,78,1,3601.5
1071,25,93,1,1606.5
1571,109,23,1,1728.1000000000001
1895,102,35,0,1895.0
1343,109,79,0,1343.0
2646,55,67,1,3969.0
1849,84,49,0,1849.0
2939,52,60,0,2939.0
1295,44,14,1,1295.0
2589,109,86,0,2589.0
1736,98,41,1,2256.8
564,85,89,0,564.0
2761,56,10,0,2761.0
2468,55,86,1,3702.0
1505,112,63,1,2257.5
2153,87,20,1,2368.3
2752,70,62,1,4128.0
2338,115,17,0,2338.0
770,117,34,0,770.0
2280,77,49,0,2280.0
1252,113,41,1,1627.6000000000001
783,87,97,0,783.0
2331,73,37,0,2331.0
2892,81,87,0,2892.0
824,66,12,1,824.0
2608,19,93,1,3912.0
1028,83,88,0,1028.0
1294,7,71,0,1294.0
2937,118,36,1,3524.4
2774,63,54,1,3883.6
997,42,34,1,1196.3999999999999
2736,42,70,1,4104.0
992,59,53,0,992.0
2087,20,55,1,2921.7999999999997
972,73,23,0,972.0
2475,17,17,1,2475.0
2490,27,57,0,2490.0
2104,47,23,0,2104.0
2870,2,74,1,4305.0
576,63,89,0,576.0
928,62,91,0,928.0
2033,100,16,0,2033.0
1365,19,88,1,2047.5
1917,17,97,1,2875.5
597,69,58,1,835.8
1252,39,64,0,1252.0
1937,82,22,0,1937.0
2469,117,82,0,2469.0
1480,118,65,0,1480.0
497,71,65,1,745.5
2303,81,24,0,2303.0
834,39,66,0,834.0
1036,36,67,0,1036.0
987,40,44,1,1283.1000000000001
743,45,97,0,743.0
1717,4,25,1,1888.7
2379,102,17,1,2379.0
970,25,96,0,970.0
1010,69,54,0,1010.0
2127,30,49,0,2127.0
2690,76,63,0,2690.0
2254,68,23,1,2479.4
1359,88,68,1,2038.5
2479,29,62,1,3718.5
2838,73,36,1,3405.6
2724,68,56,1,3813.6
931,51,89,1,1396.5
1577,24,15,1,1577.0
2830,14,64,1,4245.0
1491,69,53,1,2087.4
2301,18,27,1,2531.1000000000004
1283,42,25,0,1283.0
2661,57,21,0,2661.0
2078,83,29,0,2078.0
2823,12,54,1,3952.2
2660,82,73,0,2660.0
2526,17,68,1,3789.0
2149,30,99,1,3223.5
1181,88,31,0,1181.0
2505,75,56,1,3507.0
1280,99,38,0,1280.0
846,23,95,1,1269.0
2513,81,54,1,3518.2
2183,1,86,0,2837.9
1677,79,18,0,1677.0
2391,32,33,0,2391.0
1467,9,24,0,1467.0
1977,15,45,0,1977.0
1411,28,22,0,1411.0
2674,24,53,1,3743.6
1173,60,80,1,1759.5
2214,35,81,1,3321.0
2826,86,87,1,4239.0
1601,27,85,0,1601.0
1850,83,45,1,2405.0
706,109,70,1,1059.0
1178,76,90,0,1178.0
2951,20,49,1,3836.3
2715,65,36,0,2715.0
407,85,10,0,407.0
2955,49,43,0,2955.0
875,109,77,1,1312.5
1720,1,97,0,2236.0
2611,10,30,1,3133.2
884,47,42,1,1149.2
1304,59,16,1,1304.0
958,96,74,0,958.0
2367,62,12,0,2367.0
2685,103,60,0,2685.0
1527,86,88,1,2290.5
1633,18,63,1,2449.5
867,112,89,0,867.0
2833,46,83,1,4249.5
1247,32,68,0,1247.0
2834,27,15,0,2834.0
658,92,38,1,789.6
682,18,26,1,750.2
2049,39,69,0,2049.0
2298,49,31,1,2757.6
439,93,33,0,439.0
2933,82,90,0,2933.0
2667,44,94,1,4000.5
1414,72,60,0,1414.0
1012,54,59,1,1416.8
2315,95,20,0,2315.0
1087,34,65,1,1630.5
1012,71,80,1,1518.0
2707,36,51,0,2707.0
2813,18,48,1,3656.9
2181,38,78,1,3271.5
2210,59,57,0,2210.0
2991,9,66,1,4486.5
1947,73,30,0,1947.0
2330,110,91,1,3495.0
1552,72,29,0,1552.0
974,51,24,0,974.0
2310,35,78,0,2310.0
1412,82,86,0,1412.0
1069,5,60,1,1603.5
668,14,85,0,668.0
1683,92,71,1,2524.5
1323,30,94,0,1323.0
1525,4,46,1,1982.5
1929,39,15,0,1929.0
2158,84,80,1,3237.0
1994,64,35,1,2392.7999999999997
646,25,17,0,646.0
1960,28,82,0,1960.0
2578,76,13,0,2578.0
2800,66,30,1,3360.0
2643,107,40,1,3435.9
2339,78,30,1,2806.7999999999997
1329,22,34,1,1594.8
626,31,24,0,626.0
664,23,44,0,664.0
1795,48,58,0,1795.0
1857,20,52,0,1857.0
1045,38,50,1,1463.0
2658,55,46,1,3455.4
1818,68,66,0,1818.0
1873,79,51,1,2622.2
1787,88,56,0,1787.0
2299,89,70,1,3448.5
2904,1,23,1,3194.4
1649,7,77,1,2473.5
1381,57,62,1,2071.5
1554,95,93,1,2331.0
987,12,43,1,1283.1000000000001
875,106,85,0,875.0
2221,5,33,1,2665.2
1385,108,29,0,1385.0
2603,50,78,0,2603.0
1641,42,39,0,1641.0
589,102,97,0,589.0
1840,12,16,0,1840.0
1380,103,45,0,1380.0
2098,18,47,1,2727.4
2115,66,89,1,3172.5
2993,74,61,1,4489.5
440,79,24,0,440.0
2754,94,55,0,2754.0
1342,108,32,0,1342.0
737,17,21,1,810.7
1737,68,53,1,2431.7999999999997
1498,71,24,1,1647.8000000000002
2726,62,58,0,2726.0
1295,41,30,0,1295.0
2720,95,24,0,2720.0
2074,115,23,1,2281.4
1330,119,51,0,1330.0
688,103,89,0,688.0
1123,119,24,0,1123.0
2719,34,72,0,2719.0
2353,70,77,1,3529.5
1489,114,36,1,1786.8
882,102,96,0,882.0
1335,45,62,0,1335.0
2695,58,61,1,4042.5
555,51,72,1,832.5
1470,34,82,0,1470.0
2358,44,62,1,3537.0
2901,15,66,1,4351.5
2648,78,61,0,2648.0
2083,70,52,1,2916.2
523,50,16,1,523.0
2448,101,51,1,3427.2
1367,114,13,1,1367.0
1254,32,78,0,1254.0
1039,67,14,1,1039.0
2638,3,84,1,3957.0
2002,86,89,0,2002.0
2963,86,50,1,4148.2
841,74,13,0,841.0
2344,51,11,0,2344.0
2238,67,76,1,3357.0
2229,76,30,1,2674.7999999999997
2590,93,79,1,3885.0
932,48,52,1,1304.8
2674,17,91,1,4011.0
1736,7,78,0,1736.0
1348,13,18,1,1348.0
2419,66,93,0,2419.0
859,4,37,1,1030.8
950,10,35,0,950.0
792,103,91,1,1188.0
2187,88,92,1,3280.5
1244,17,12,1,1244.0
2657,52,82,1,3985.5
1538,6,58,1,2153.2
1045,83,26,0,1045.0
2666,69,72,1,3999.0
2854,96,64,1,4281.0
1866,74,32,1,2239.2
1777,9,43,0,1777.0
2997,91,78,1,4495.5
541,77,24,0,541.0
900,83,56,1,1260.0
1239,21,12,0,1239.0
2082,24,92,1,3123.0
1965,102,37,1,2358.0
2446,4,12,0,2446.0
1930,24,13,1,1930.0
995,59,97,0,995.0
2304,99,40,1,2995.2000000000003
680,3,54,1,951.9999999999999
823,68,68,0,823.0
669,101,54,1,936.5999999999999
553,40,84,0,553.0
2150,48,46,0,2150.0
1061,54,74,1,1591.5
2367,35,18,1,2367.0
482,95,26,1,530.2
1849,56,74,0,1849.0
1698,108,12,0,1698.0
2731,89,35,1,3277.2
1379,40,62,0,1379.0
2620,77,40,0,2620.0
2059,68,35,0,2059.0
1798,46,32,0,1798.0
1032,78,39,1,1238.3999999999999
1931,13,19,1,1931.0
1186,27,81,1,1779.0
797,6,98,0,797.0
1543,17,73,0,1543.0
1333,36,31,0,1333.0
1860,104,24,0,1860.0
2252,113,65,1,3378.0
2912,99,83,0,2912.0
685,81,29,0,685.0
664,105,56,1,929.5999999999999
2767,2,96,1,4150.5
2536,77,62,1,3804.0
2077,52,62,0,2077.0
1626,66,10,0,1626.0
1220,52,11,0,1220.0
2162,92,67,0,2162.0
2781,43,28,0,2781.0
2669,90,71,0,2669.0
440,22,87,1,660.0
2131,111,81,0,2131.0
467,107,21,1,513.7
1387,55,35,1,1664.3999999999999
2199,67,36,1,2638.7999999999997
2961,99,38,0,2961.0
2021,60,24,0,2021.0
2055,58,55,1,2877.0
1678,12,10,0,1678.0
1094,88,69,0,1094.0
2924,69,66,1,4386.0
1485,84,12,0,1485.0
2879,103,27,0,2879.0
2093,39,61,0,2093.0
2715,13,69,0,2715.0
1458,41,43,1,1895.4
1178,57,98,1,1767.0
893,53,69,0,893.0
1985,109,35,0,1985.0
1892,12,81,0,1892.0
2190,13,28,1,2409.0
1060,74,31,0,1060.0
1748,97,42,0,1748.0
1727,57,47,1,2245.1
1699,40,44,0,1699.0
2386,118,76,1,3579.0
2444,80,92,0,2444.0
2328,45,19,1,2328.0
1747,35,24,0,1747.0
1458,3,20,0,1458.0
1376,5,99,1,2064.0
881,90,33,1,1057.2
1127,11,86,1,1690.5
2927,71,13,1,2927.0
1431,117,22,1,1574.1000000000001
742,56,82,0,742.0
1847,10,66,1,2770.5
2779,106,46,1,3612.7000000000003
2885,116,57,1,4038.9999999999995
2621,34,80,1,3931.5
926,67,10,0,926.0
2296,72,69,0,2296.0
1058,31,21,0,1058.0
2473,75,30,0,2473.0
1219,109,20,0,1219.0
805,71,53,1,1127.0
2679,109,67,0,2679.0
2980,66,53,0,2980.0
1973,70,87,1,2959.5
2211,41,43,1,2874.3
904,63,34,0,904.0
578,32,13,0,578.0
531,20,73,1,796.5
2246,57,99,0,2246.0
1878,98,25,1,2065.8
2795,50,19,1,2795.0
2987,80,75,0,2987.0
1171,25,44,0,1171.0
1829,12,92,0,1829.0
2523,71,15,1,2523.0
978,39,28,1,1075.8000000000002
1915,17,68,0,1915.0
593,45,62,0,593.0
2407,11,17,0,2407.0
1585,70,87,1,2377.5
2794,23,19,1,2794.0
1784,91,76,1,2676.0
2192,110,47,0,2192.0
1510,70,38,1,1812.0
2661,38,24,1,2927.1000000000004
2336,2,96,0,3036.8
1179,86,32,1,1414.8
661,84,91,0,661.0
1129,89,55,1,1580.6
682,79,92,0,682.0
1890,113,37,0,1890.0
761,93,35,1,913.1999999999999
840,72,19,0,840.0
2540,37,56,1,3556.0
2044,49,13,0,2044.0
1266,52,64,0,1266.0
1847,33,75,0,1847.0
541,22,76,1,811.5
1714,114,16,0,1714.0
1855,111,64,0,1855.0
2275,5,89,1,3412.5
2247,103,40,0,2247.0
2112,18,83,0,2112.0
1100,38,28,0,1100.0
1397,118,37,0,1397.0
2496,117,90,1,3744.0
1725,37,37,0,1725.0
1280,94,28,0,1280.0
1613,115,96,1,2419.5
1559,95,29,0,1559.0
954,64,22,0,954.0
803,10,86,1,1204.5
1291,79,52,1,1807.3999999999999
1001,42,20,1,1101.1000000000001
2230,48,57,1,3122.0
740,44,24,0,740.0
2368,82,26,1,2604.8
1103,87,63,0,1103.0
717,97,59,1,1003.8
1786,16,37,0,1786.0
2829,54,92,1,4243.5
2680,102,13,1,2680.0
2200,35,31,0,2200.0
1767,98,95,1,2650.5
1972,28,48,1,2563.6
1216,2,43,1,1580.8
952,94,53,0,952.0
1255,13,51,1,1757.0
2212,41,49,1,2875.6
582,80,21,0,582.0
1974,59,11,0,1974.0
796,69,37,1,955.1999999999999
2127,119,83,0,2127.0
1917,92,95,0,1917.0
1306,53,90,0,1306.0
1756,103,99,1,2634.0
2574,45,76,1,3861.0
400,20,80,0,400.0
418,24,81,1,627.0
983,61,93,0,983.0
855,91,85,1,1282.5
2436,94,90,0,2436.0
1532,58,19,1,1532.0
2892,109,95,0,2892.0
2352,27,66,1,3528.0
2550,26,95,1,3825.0
1387,7,46,0,1387.0
919,42,86,1,1378.5
1258,47,73,1,1887.0
573,53,88,1,859.5
1766,59,95,1,2649.0
2878,38,49,1,3741.4
1126,69,69,1,1689.0
2110,87,57,1,2954.0
2275,92,28,1,2502.5
2081,98,81,0,2081.0
1747,53,42,1,2271.1
1389,15,53,0,1389.0
819,96,46,1,1064.7
993,26,98,0,993.0
2932,48,45,1,3811.6
2174,95,90,0,2174.0
2859,19,97,0,2859.0
1335,9,30,1,1602.0
1507,64,11,0,1507.0
1536,93,40,1,1996.8000000000002
731,54,39,1,877.1999999999999
2488,51,85,0,2488.0
2193,39,53,1,3070.2
1358,4,21,0,1358.0
504,3,60,0,504.0
601,64,58,1,841.4
2897,29,33,1,3476.4
2242,116,33,1,2690.4
2266,11,69,1,3399.0
2396,97,20,1,2635.6000000000004
1689,102,22,0,1689.0
1309,58,81,0,1309.0
609,75,83,1,913.5
962,27,81,1,1443.0
1963,97,73,1,2944.5
1170,21,29,0,1170.0
2901,39,81,0,2901.0
1028,95,82,0,1028.0
2028,102,80,1,3042.0
2101,46,87,1,3151.5
786,66,37,0,786.0
2335,91,11,1,2335.0
2743,36,52,1,3840.2
2705,75,17,0,2705.0
1504,111,22,0,1504.0
667,82,94,1,1000.5
2866,65,44,0,2866.0
2682,63,32,1,3218.4
2256,99,55,0,2256.0
2398,35,24,0,2398.0
1780,31,11,1,1780.0
1636,28,70,1,2454.0
973,103,85,0,973.0
448,1,73,1,672.0
1550,25,61,0,1550.0
622,43,45,1,808.6
1831,102,76,0,1831.0
1928,84,78,0,1928.0
2219,67,76,0,2219.0
2724,63,56,1,3813.6
1861,51,92,0,1861.0
1530,2,11,0,1830.0
2081,82,53,0,2081.0
2867,108,73,0,2867.0
774,64,90,1,1161.0
2520,74,87,1,3780.0
2421,69,37,0,2421.0
1453,9,63,0,1453.0
2289,2,83,1,3433.5
2223,34,76,0,2223.0
1874,60,45,1,2436.2000000000003
2642,102,72,0,2642.0
1579,61,34,1,1894.8
1464,31,95,0,1464.0
2470,10,57,1,3458.0
759,114,48,1,986.7
2441,76,56,1,3417.3999999999996
1541,36,30,0,1541.0
2035,118,39,1,2442.0
1803,85,40,1,2343.9
2343,49,35,0,2343.0
1078,111,31,0,1078.0
2887,70,30,0,2887.0
406,112,10,0,406.0
2868,49,46,1,3728.4
1991,3,86,0,1991.0
1232,74,94,0,1232.0
2210,5,55,0,2210.0
1313,110,18,0,1313.0
2411,90,26,0,2411.0
1842,61,56,0,1842.0
1850,85,94,0,1850.0
1902,109,68,1,2853.0
525,90,63,1,787.5
2842,102,95,1,4263.0
1216,108,21,1,1337.6000000000001
2229,26,73,1,3343.5
975,72,15,0,975.0
2772,5,62,0,2772.0
1815,15,25,0,1815.0
1329,16,99,0,1329.0
1863,1,14,1,1863.0
1232,16,82,1,1848.0
1454,37,55,0,1454.0
2048,3,23,0,2048.0
2300,52,53,1,3220.0
1857,47,72,1,2785.5
1799,95,61,1,2698.5
842,13,35,0,842.0
2522,80,62,0,2522.0
956,55,38,1,1147.2
1578,107,28,1,1735.8000000000002
2437,21,56,0,2437.0
762,66,17,0,762.0
2895,54,32,0,2895.0
1657,27,44,0,1657.0
2241,38,62,1,3361.5
2709,90,67,1,4063.5
2250,58,14,1,2250.0
2572,62,25,0,2572.0
1310,102,26,0,1310.0
644,46,41,0,644.0
941,89,61,1,1411.5
2932,11,29,1,3225.2000000000003
2569,72,75,1,3853.5
2572,8,93,0,2572.0
1972,97,91,0,1972.0
2617,117,10,1,2617.0
523,71,67,0,523.0
2131,64,92,1,3196.5
1185,102,53,1,1659.0
2443,21,15,1,2443.0
2648,72,59,1,3707.2
2816,115,81,0,2816.0
1196,118,97,0,1196.0
476,63,29,0,476.0
458,85,23,0,458.0
2878,64,14,0,2878.0
1923,20,50,0,1923.0
2336,8,49,1,3036.8
2556,58,43,0,2556.0
1701,46,89,0,1701.0
467,31,54,0,467.0
2752,114,80,1,4128.0
2332,93,89,0,2332.0
764,112,80,1,1146.0
1220,9,36,0,1220.0
1802,15,87,0,1802.0
2790,94,87,0,2790.0
1346,26,53,1,1884.3999999999999
1977,10,42,1,2570.1
1777,29,42,0,1777.0
1839,118,53,0,1839.0
1161,80,29,0,1161.0
740,36,45,1,962.0
782,84,16,1,782.0
1403,109,41,0,1403.0
1956,118,76,1,2934.0
699,37,48,1,908.7
538,86,33,1,645.6
758,71,95,1,1137.0
1235,23,79,0,1235.0
1922,41,97,0,1922.0
2027,104,96,1,3040.5
2382,93,63,1,3573.0
1703,80,47,1,2213.9
2930,102,83,0,2930.0
1308,28,89,0,1308.0
1534,48,84,1,2301.0
2586,38,41,1,3361.8
1395,31,54,1,1952.9999999999998
2882,14,70,1,4323.0
2956,117,79,0,2956.0
2720,97,97,0,2720.0
2551,73,62,0,2551.0
1637,91,60,0,1637.0
2184,88,85,0,2184.0
564,77,65,0,564.0
1398,90,36,1,1677.6
2967,29,47,1,3857.1
1707,51,71,0,1707.0
2964,49,27,0,2964.0
1056,43,73,0,1056.0
2611,92,86,1,3916.5
2309,92,39,1,2770.7999999999997
2446,72,58,1,3424.3999999999996
2511,87,50,1,3515.3999999999996
1540,93,22,0,1540.0
2289,5,43,1,2975.7000000000003
666,42,34,0,666.0
2245,7,75,1,3367.5
2108,42,27,1,2318.8
2693,36,14,1,2693.0
2842,105,28,1,3126.2000000000003
1910,27,51,0,1910.0
875,58,27,0,875.0
1376,46,41,0,1376.0
1607,66,30,0,1607.0
1443,25,19,0,1443.0
2360,73,46,0,2360.0
957,117,58,0,957.0
1417,27,95,1,2125.5
2005,1,22,0,2305.0
1282,87,64,1,1923.0
2594,74,26,0,2594.0
1065,42,18,1,1065.0
2171,52,97,0,2171.0
1263,25,53,1,1768.1999999999998
981,54,87,0,981.0
1094,67,55,0,1094.0
1651,6,17,0,1651.0
2010,58,46,0,2010.0
1639,70,28,1,1802.9
2854,53,72,0,2854.0
798,66,55,0,798.0
2346,58,80,1,3519.0
1114,82,35,0,1114.0
1103,87,55,1,1544.1999999999998
2946,2,55,1,4124.4
2114,76,84,0,2114.0
2372,22,23,0,2372.0
481,37,94,1,721.5
1003,20,72,0,1003.0
2370,103,81,1,3555.0
2110,24,12,0,2110.0
2446,112,37,0,2446.0
1302,84,38,1,1562.3999999999999
764,65,96,0,764.0
562,65,27,0,562.0
2958,81,44,0,2958.0
2263,1,86,1,3394.5
515,117,85,0,515.0
2784,116,56,1,3897.6
1280,109,14,0,1280.0
1239,94,84,1,1858.5
2594,105,68,0,2594.0
1746,111,84,0,1746.0
2890,3,68,1,4335.0
1436,46,56,0,1436.0
1342,55,22,1,1476.2
2124,75,87,0,2124.0
2734,88,98,1,4101.0
1537,86,42,0,1537.0
2927,64,71,1,4390.5
421,108,88,0,421.0
2149,45,25,1,2363.9
1082,26,53,1,1514.8
2233,77,67,0,2233.0
2767,65,15,1,2767.0
525,24,98,1,787.5
676,74,24,0,676.0
2399,35,13,0,2399.0
1627,24,65,0,1627.0
2641,28,73,0,2641.0
1095,100,77,0,1095.0
1709,80,43,0,1709.0
456,104,65,1,684.0
418,16,41,1,543.4
2711,59,18,1,2711.0
512,81,72,0,512.0
941,115,81,0,941.0
978,54,87,1,1467.0
1488,79,42,1,1934.4
424,16,96,0,424.0
1972,15,30,1,2366.4
2448,98,64,0,2448.0
1972,11,85,0,1972.0
540,65,66,1,810.0
2167,79,11,0,2167.0
1047,90,22,0,1047.0
2635,115,13,0,2635.0
600,68,93,0,600.0
656,43,59,1,918.4
946,69,57,0,946.0
2641,99,87,0,2641.0
1201,13,39,1,1441.2
1341,10,38,0,1341.0
813,75,17,0,813.0
2414,82,21,1,2655.4
1781,98,50,1,2493.3999999999996
1498,103,35,0,1498.0
1309,41,59,0,1309.0
587,106,11,1,587.0
2415,50,64,0,2415.0
1713,87,65,0,1713.0
2492,71,23,0,2492.0
2530,59,15,1,2530.0
1546,39,90,0,1546.0
757,3,98,1,1135.5
1951,76,70,1,2926.5
1489,7,21,1,1637.9
2080,49,22,1,2288.0
2822,26,28,0,2822.0
561,33,53,1,785.4
2769,101,98,0,2769.0
849,48,68,1,1273.5
1897,79,46,1,2466.1
1436,2,34,0,1736.0
2631,105,25,1,2894.1000000000004
2558,71,47,1,3325.4
2350,32,52,0,2350.0
2955,4,96,1,4432.5
1713,20,23,1,1884.3000000000002
2742,114,15,1,2742.0
1638,117,98,0,1638.0
1373,36,32,1,1647.6
1031,32,69,0,1031.0
1990,28,21,0,1990.0
1450,77,22,0,1450.0
1988,1,15,1,1988.0
2768,60,72,1,4152.0
2093,56,47,1,2720.9
836,35,59,1,1170.3999999999999
1956,112,61,0,1956.0
1476,30,49,0,1476.0
1704,54,17,1,1704.0
2478,36,70,1,3717.0
2784,55,17,0,2784.0
582,89,43,1,756.6
2991,80,88,1,4486.5
1869,58,69,1,2803.5
1879,83,66,1,2818.5
1989,65,55,1,2784.6
1987,69,31,1,2384.4
1059,51,96,0,1059.0
559,22,49,0,559.0
2859,88,54,0,2859.0
1411,107,64,0,1411.0
452,109,60,1,678.0
2855,116,95,1,4282.5
1445,101,14,0,1445.0
1453,53,22,0,1453.0
2707,100,37,0,2707.0
1628,36,93,0,1628.0
1894,68,89,0,1894.0
1889,36,71,1,2833.5
1435,52,96,1,2152.5
2350,53,33,0,2350.0
1249,82,16,0,1249.0
753,50,47,1,978.9
1498,80,46,1,1947.4
2139,41,77,1,3208.5
1864,18,51,0,1864.0
1390,22,95,1,2085.0
1664,66,14,0,1664.0
2284,21,73,0,2284.0
2209,100,59,1,3092.6
2741,44,96,1,4111.5
2656,103,24,1,2921.6000000000004
1511,47,82,0,1511.0
1217,39,62,1,1825.5
2199,29,34,1,2638.7999999999997
2360,54,98,0,2360.0
2837,90,94,1,4255.5
2772,85,18,1,2772.0
1288,17,47,0,1288.0
2255,80,31,0,2255.0
1580,60,96,0,1580.0
1067,31,58,0,1067.0
1032,115,77,0,1032.0
2042,73,24,1,2246.2000000000003
536,95,74,1,804.0
2346,78,63,0,2346.0
2097,49,39,1,2516.4
827,101,29,1,909.7
1875,2,42,0,2175.0
1218,116,95,0,1218.0
2588,48,86,0,2588.0
1506,110,16,1,1506.0
2624,14,17,0,2624.0
597,59,37,1,716.4
2395,97,54,1,3353.0
2848,99,82,1,4272.0
870,58,98,1,1305.0
2665,103,89,0,2665.0
2348,58,83,1,3522.0
1328,111,20,0,1328.0
2410,51,40,1,3133.0
1305,84,21,0,1305.0
2622,2,87,0,3408.6
422,115,60,0,422.0
634,41,53,1,887.5999999999999
1524,83,59,1,2133.6
1328,101,26,1,1460.8000000000002
922,82,44,0,922.0
2208,16,10,1,2208.0
830,4,38,1,996.0
1192,12,60,1,1788.0
2029,29,73,0,2029.0
2136,7,13,1,2136.0
932,14,96,1,1398.0
2146,119,37,0,2146.0
2075,12,25,0,2075.0
1716,99,72,0,1716.0
1312,5,85,0,1312.0
1524,81,62,0,1524.0
1925,106,94,0,1925.0
1727,32,26,1,1899.7
2987,74,49,1,3883.1
1423,43,22,0,1423.0
1976,81,61,1,2964.0
1778,69,67,0,1778.0
1919,45,46,1,2494.7000000000003
2081,106,88,0,2081.0
2397,9,85,0,2397.0
626,49,70,1,939.0
1659,33,88,1,2488.5
1272,100,43,1,1653.6000000000001
1291,100,79,1,1936.5
1878,18,26,1,2065.8
1436,9,29,1,1579.6000000000001
2657,62,82,1,3985.5
796,57,68,1,1194.0
1523,29,78,0,1523.0
2478,114,96,1,3717.0
1048,78,42,1,1362.4
728,25,87,0,728.0
1882,15,26,0,1882.0
1351,6,66,0,1351.0
2405,42,92,0,2405.0
2416,29,10,1,2416.0
2278,79,22,1,2505.8
1596,93,36,0,1596.0
2172,4,79,0,2172.0
561,82,68,1,841.5
2151,114,15,1,2151.0
1175,57,32,1,1410.0
2227,49,19,1,2227.0
2721,44,60,0,2721.0
1451,103,28,1,1596.1000000000001
2773,80,60,0,2773.0
1339,75,96,0,1339.0
939,14,77,0,939.0
2935,3,93,1,4402.5
1221,115,92,0,1221.0
1861,114,51,1,2605.3999999999996
1488,62,66,0,1488.0
755,106,77,1,1132.5
634,64,47,0,634.0
2674,102,71,0,2674.0
1948,45,16,1,1948.0
2496,106,80,1,3744.0
517,82,59,0,517.0
2501,58,61,0,2501.0
2073,20,35,1,2487.6
1467,58,35,0,1467.0
2500,112,28,1,2750.0
957,89,18,1,957.0
2215,57,70,0,2215.0
2405,102,29,1,2645.5
797,77,59,0,797.0
1074,68,89,1,1611.0
786,119,90,1,1179.0
2558,78,31,0,2558.0
2464,97,22,1,2710.4
1283,92,21,0,1283.0
940,52,19,1,940.0
570,37,74,1,855.0
2856,8,39,1,3427.2
1139,44,17,1,1139.0
1801,98,30,0,1801.0
2677,108,31,1,3212.4
518,5,27,1,569.8000000000001
2912,118,75,1,4368.0
2551,69,57,0,2551.0
2395,31,53,0,2395.0
2105,45,18,0,2105.0
2122,9,76,0,2122.0
2622,106,63,1,3933.0
2097,32,35,1,2516.4
1844,33,94,1,2766.0
2159,67,35,0,2159.0
1924,30,43,0,1924.0
1064,114,17,1,1064.0
432,76,19,1,432.0
2502,29,57,1,3502.7999999999997
2966,3,64,0,2966.0
2459,90,63,1,3688.5
1951,57,87,1,2926.5
1119,30,49,0,1119.0
2820,9,24,0,2820.0
883,26,90,1,1324.5
1372,2,27,0,1672.0
706,62,32,1,847.1999999999999
856,3,71,1,1284.0
2607,46,55,1,3649.7999999999997
730,68,96,1,1095.0
624,25,48,0,624.0
1879,51,24,0,1879.0
1482,13,62,0,1482.0
1043,103,97,1,1564.5
1015,44,73,1,1522.5
594,35,72,1,891.0
888,55,89,0,888.0
2604,87,25,0,2604.0
1649,9,79,1,2473.5
2859,2,75,0,3159.0
1502,61,22,0,1502.0
1547,118,56,0,1547.0
2918,41,18,0,2918.0
1641,44,72,1,2461.5
915,64,43,0,915.0
2025,31,90,1,3037.5
1527,108,38,0,1527.0
792,47,46,1,1029.6000000000001
1030,2,52,1,1442.0
2247,96,95,0,2247.0
1379,82,73,1,2068.5
833,77,33,1,999.5999999999999
2987,110,80,0,2987.0
677,69,43,1,880.1
632,58,57,0,632.0
1952,106,21,1,2147.2000000000003
1994,44,32,0,1994.0
1513,74,88,0,1513.0
2809,56,22,0,2809.0
425,43,96,0,425.0
1817,89,54,0,1817.0
2954,34,74,1,4431.0
2714,101,56,1,3799.6
860,30,67,0,860.0
2903,71,14,1,2903.0
1491,70,86,1,2236.5
1406,118,14,1,1406.0
2394,55,69,0,2394.0
890,67,30,0,890.0
1472,13,33,1,1766.3999999999999
615,3,27,0,615.0
2123,26,30,0,2123.0
1992,57,63,1,2988.0
558,24,19,0,558.0
2936,53,33,0,2936.0
1085,70,94,0,1085.0
2176,43,98,0,2176.0
2452,60,69,0,2452.0
2243,58,66,1,3364.5
2808,49,32,0,2808.0
2906,42,31,0,2906.0
2695,76,77,1,4042.5
1989,113,43,1,2585.7000000000003
2096,100,79,0,2096.0
2869,66,37,1,3442.7999999999997
2346,11,48,0,2346.0
2462,103,51,1,3446.7999999999997
1545,98,32,0,1545.0
2724,90,79,1,4086.0
1981,18,89,0,1981.0
2900,85,11,1,2900.0
2893,100,33,0,2893.0
2657,104,26,0,2657.0
2749,52,74,0,2749.0
2332,46,79,1,3498.0
2157,44,78,1,3235.5
2450,22,69,0,2450.0
1389,53,59,0,1389.0
1941,59,21,0,1941.0
1516,94,56,0,1516.0
2967,114,76,1,4450.5
892,107,74,1,1338.0
1019,30,36,1,1222.8
2778,8,57,0,2778.0
2780,98,97,0,2780.0
2497,57,71,1,3745.5
1946,111,53,1,2724.3999999999996
1262,73,28,1,1388.2
2091,115,68,1,3136.5
2005,20,17,0,2005.0
2719,104,64,0,2719.0
979,25,56,0,979.0
2290,19,11,1,2290.0
1675,5,48,0,1675.0
2255,75,54,1,3157.0
2893,79,41,1,3760.9
1755,72,74,1,2632.5
1562,83,47,1,2030.6000000000001
756,87,86,1,1134.0
2024,27,20,0,2024.0
2721,40,19,0,2721.0
2406,96,68,0,2406.0
2758,26,99,1,4137.0
1269,27,64,0,1269.0
1285,62,29,1,1413.5000000000002
2401,83,90,0,2401.0
2601,50,26,1,2861.1000000000004
1813,42,77,1,2719.5
1683,29,14,0,1683.0
1019,39,69,1,1528.5
1282,60,32,0,1282.0
1196,41,55,0,1196.0
2572,33,61,0,2572.0
1696,83,19,1,1696.0
1018,101,55,1,1425.1999999999998
2234,83,37,1,2680.7999999999997
644,97,52,1,901.5999999999999
2897,111,35,0,2897.0
1329,16,64,1,1993.5
1670,23,57,0,1670.0
919,7,38,0,919.0
2809,26,36,1,3370.7999999999997
407,96,27,1,447.70000000000005
2925,12,69,0,2925.0
2419,72,83,1,3628.5
894,5,78,0,894.0
2029,106,83,1,3043.5
1462,92,30,1,1754.3999999999999
586,117,33,0,586.0
2277,69,12,0,2277.0
2540,49,71,0,2540.0
485,26,11,1,485.0
536,5,75,1,804.0
2868,22,51,1,4015.2
2521,79,43,0,2521.0
2036,13,51,0,2036.0
2618,28,29,1,2879.8
2151,33,77,0,2151.0
2617,107,54,1,3663.7999999999997
2187,23,84,0,2187.0
1271,97,51,1,1779.3999999999999
2769,107,56,1,3876.6
2903,18,14,1,2903.0
1343,114,98,0,1343.0
2026,117,58,0,2026.0
748,30,46,1,972.4
2076,26,43,1,2698.8
1596,16,82,1,2394.0
409,77,79,1,613.5
1861,39,27,1,2047.1000000000001
1066,33,87,1,1599.0
2993,26,28,0,2993.0
1922,48,87,0,1922.0
2576,65,49,0,2576.0
1000,113,26,0,1000.0
726,38,69,1,1089.0
1379,2,51,1,1930.6
2851,113,90,1,4276.5
1028,6,81,0,1028.0
2029,46,74,0,2029.0
673,50,62,1,1009.5
1084,38,16,0,1084.0
515,106,14,0,515.0
1260,88,33,1,1512.0
2403,18,37,1,2883.6
1092,27,71,1,1638.0
1505,41,26,0,1505.0
2771,72,29,1,3048.1000000000004
2561,92,12,1,2561.0
2192,74,46,1,2849.6
553,17,99,0,553.0
2300,119,24,0,2300.0
1827,62,60,1,2740.5
1689,29,57,1,2364.6
714,58,17,0,714.0
1464,70,22,0,1464.0
504,78,57,1,705.5999999999999
2324,22,12,0,2324.0
2313,118,74,1,3469.5
1616,6,82,1,2424.0
1824,26,40,0,1824.0
2801,39,35,1,3361.2
2172,12,90,1,3258.0
2360,99,65,0,2360.0
2003,14,43,1,2603.9
1108,22,18,0,1108.0
1050,51,71,1,1575.0
1346,23,22,1,1480.6000000000001
1060,48,78,0,1060.0
2546,71,50,0,2546.0
2729,104,86,0,2729.0
2850,50,10,0,2850.0
1532,89,98,0,1532.0
1099,13,56,0,1099.0
2646,85,13,1,2646.0
2438,105,72,0,2438.0
2774,10,61,1,4161.0
2601,117,19,0,2601.0
951,55,37,1,1141.2
804,9,15,1,804.0
861,79,36,0,861.0
2579,52,21,1,2836.9
1273,2,71,1,1909.5
483,25,61,1,724.5
1822,13,57,0,1822.0
620,98,76,0,620.0
1791,51,55,1,2507.3999999999996
511,58,83,0,511.0
1014,34,24,0,1014.0
1981,35,80,1,2971.5
874,102,45,1,1136.2
2313,3,23,0,2313.0
670,106,87,0,670.0
2868,59,12,0,2868.0
2320,70,76,1,3480.0
1790,119,95,0,1790.0
439,48,28,0,439.0
2382,64,85,0,2382.0
2636,113,63,1,3954.0
1393,19,78,1,2089.5
2412,67,19,1,2412.0
2983,82,42,0,2983.0
689,103,22,0,689.0
2880,73,60,1,4320.0
2918,116,41,0,2918.0
678,76,84,0,678.0
980,5,33,0,980.0
1262,67,44,1,1640.6000000000001
653,11,92,0,653.0
580,94,79,0,580.0
1080,68,49,1,1404.0
1224,69,63,0,1224.0
1099,1,53,1,1538.6
1749,91,71,0,1749.0
1780,92,77,1,2670.0
2073,63,42,1,2694.9
2838,29,86,0,2838.0
2038,82,65,0,2038.0
2357,12,45,1,3064.1
611,77,63,0,611.0
1938,41,28,1,2131.8
783,2,52,0,1083.0
2114,37,21,0,2114.0
741,45,20,0,741.0
2238,80,79,0,2238.0
2387,48,21,1,2625.7000000000003
1243,24,50,1,1740.1999999999998
1934,99,34,0,1934.0
819,22,12,0,819.0
2388,100,12,0,2388.0
2332,11,93,0,2332.0
2249,119,37,0,2249.0
705,58,32,1,846.0
1268,46,57,1,1775.1999999999998
2984,29,76,0,2984.0
1535,35,51,1,2149.0
1834,112,97,1,2751.0
605,118,49,0,605.0
895,15,15,1,895.0
2309,60,29,1,2539.9
2951,95,20,1,3246.1000000000004
1445,42,36,1,1734.0
612,105,30,0,612.0
709,43,22,1,779.9000000000001
2391,80,95,1,3586.5
671,74,44,1,872.3000000000001
2222,49,56,0,2222.0
2479,64,95,1,3718.5
842,32,37,1,1010.4
2609,64,30,1,3130.7999999999997
653,115,27,0,653.0
920,2,40,0,1220.0
1376,24,69,0,1376.0
409,87,46,0,409.0
2952,66,30,0,2952.0
1983,38,23,1,2181.3
2883,31,98,0,2883.0
1534,115,69,1,2301.0
552,104,32,0,552.0
2058,26,38,0,2058.0
2256,29,56,0,2256.0
1614,67,39,1,1936.8
2152,78,99,1,3228.0
1504,25,93,1,2256.0
2936,48,47,0,2936.0
1294,65,92,0,1294.0
1511,53,36,0,1511.0
503,67,98,0,503.0
2314,118,96,0,2314.0
1406,90,24,0,1406.0
806,18,68,1,1209.0
1801,9,12,1,1801.0
566,38,19,0,566.0
908,87,88,1,1362.0
2061,21,89,1,3091.5
2760,65,26,1,3036.0000000000005
1162,21,92,0,1162.0
1080,27,20,0,1080.0
2924,106,57,0,2924.0
2520,70,14,0,2520.0
1564,119,78,1,2346.0
981,44,73,0,981.0
661,100,23,0,661.0
1763,28,59,0,1763.0
1731,45,35,1,2077.2
2692,17,81,1,4038.0
1938,40,78,1,2907.0
960,116,16,1,960.0
1499,3,25,1,1648.9
2303,76,64,0,2303.0
574,103,87,1,861.0
2556,76,65,1,3834.0
2630,66,13,0,2630.0
591,46,57,0,591.0
464,86,26,0,464.0
1897,87,45,1,2466.1
1967,30,79,0,1967.0
1551,69,89,1,2326.5
2337,9,47,0,2337.0
768,85,71,1,1152.0
1250,11,57,1,1750.0
442,69,19,1,442.0
2307,99,45,1,2999.1
2935,91,38,0,2935.0
477,113,87,0,477.0
2224,66,13,1,2224.0
1693,88,53,0,1693.0
1073,31,65,1,1609.5
1100,33,51,0,1100.0
1158,39,22,0,1158.0
2323,94,55,1,3252.2
1301,46,91,1,1951.5
1392,37,42,0,1392.0
1591,115,30,1,1909.1999999999998
2786,92,89,0,2786.0
2640,60,88,0,2640.0
1876,31,66,0,1876.0
2730,11,78,1,4095.0
789,87,79,1,1183.5
1399,2,76,0,1699.0
924,104,57,1,1293.6
2255,105,85,1,3382.5
1906,27,42,0,1906.0
1058,99,45,1,1375.4
1290,2,42,1,1677.0
1881,103,40,0,1881.0
851,101,30,1,1021.1999999999999
2875,21,36,0,2875.0
1937,58,81,1,2905.5
1282,5,71,1,1923.0
712,52,35,0,712.0
1239,45,75,0,1239.0
2966,85,21,1,3262.6000000000004
774,93,31,0,774.0
850,20,26,0,850.0
994,61,16,1,994.0
1633,38,77,0,1633.0
899,20,46,1,1168.7
863,114,47,1,1121.9
512,25,20,0,512.0
1435,2,10,1,1435.0
2778,32,34,0,2778.0
2324,26,51,1,3253.6
539,70,61,0,539.0
1824,41,33,0,1824.0
916,67,62,1,1374.0
2347,97,65,0,2347.0
2565,1,72,0,2865.0
1287,51,90,0,1287.0
1741,5,17,1,1741.0
449,13,68,1,673.5
418,19,54,0,418.0
1125,12,36,0,1125.0
2644,48,61,1,3966.0
1873,25,27,1,2060.3
851,57,95,1,1276.5
2736,115,25,0,2736.0
1564,35,75,1,2346.0
1507,76,14,0,1507.0
2838,94,91,1,4257.0
614,5,12,0,614.0
1949,98,90,1,2923.5
2662,22,89,0,2662.0
527,103,79,1,790.5
2245,77,16,1,2245.0
1159,57,59,0,1159.0
2851,47,23,1,3136.1000000000004
2215,54,47,1,2879.5
2785,3,88,1,4177.5
760,53,56,1,1064.0
968,84,42,0,968.0
1815,31,52,0,1815.0
2665,69,38,1,3198.0
1997,88,66,0,1997.0
2092,104,14,0,2092.0
601,118,69,0,601.0
2464,33,79,0,2464.0
2769,72,11,0,2769.0
917,88,79,1,1375.5
1748,50,52,0,1748.0
1835,84,13,1,1835.0
1741,16,65,0,1741.0
1080,114,68,1,1620.0
2388,116,98,1,3582.0
1891,76,18,1,1891.0
824,77,12,0,824.0
2368,109,99,0,2368.0
2112,106,57,1,2956.7999999999997
2834,39,52,1,3967.6
1177,89,10,0,1177.0
2545,46,66,0,2545.0
2226,96,62,1,3339.0
607,88,25,0,607.0
1937,112,60,0,1937.0
2059,47,84,0,2059.0
2613,44,99,0,2613.0
421,9,64,0,421.0
553,104,10,0,553.0
2362,114,99,1,3543.0
618,87,37,1,741.6
1068,50,62,1,1602.0
1918,77,67,1,2877.0
2677,60,82,1,4015.5
2467,96,69,1,3700.5
1349,114,68,0,1349.0
2595,15,31,0,2595.0
802,36,17,1,802.0
995,113,58,1,1393.0
2814,63,51,1,3939.6
1837,69,36,0,1837.0
1557,86,48,0,1557.0
2142,80,92,0,2142.0
1706,41,34,0,1706.0
472,74,47,1,613.6
880,24,94,1,1320.0
959,82,33,1,1150.8
1144,49,33,1,1372.8
1866,18,69,0,1866.0
499,7,92,0,499.0
1482,4,59,1,2074.7999999999997
2955,90,75,0,2955.0
2705,69,23,0,2705.0
812,60,62,0,812.0
1488,55,41,0,1488.0
1577,16,57,1,2207.7999999999997
2408,99,48,0,2408.0
2713,90,49,1,3526.9
1220,82,51,0,1220.0
1061,29,86,0,1061.0
959,23,85,1,1438.5
1671,117,17,1,1671.0
2213,14,88,0,2213.0
1009,79,35,0,1009.0
2861,49,21,1,3147.1000000000004
424,33,52,0,424.0
2428,25,60,0,2428.0
683,21,91,1,1024.5
1872,17,72,0,1872.0
700,23,58,0,700.0
1491,57,36,0,1491.0
1430,107,18,0,1430.0
1216,81,48,0,1216.0
482,58,74,1,723.0
2320,14,80,0,2320.0
2493,93,99,1,3739.5
1017,20,80,1,1525.5
2709,30,16,0,2709.0
575,19,81,1,862.5
1589,53,89,0,1589.0
1241,103,76,1,1861.5
769,56,19,1,769.0
2218,77,80,1,3327.0
2501,82,94,0,2501.0
1089,23,62,1,1633.5
2179,62,96,1,3268.5
1764,110,66,1,2646.0
1832,33,95,0,1832.0
766,103,36,0,766.0
1043,104,63,1,1564.5
2826,18,13,1,2826.0
472,73,97,1,708.0
1671,33,32,1,2005.1999999999998
1259,32,57,0,1259.0
442,61,92,0,442.0
2824,54,51,0,2824.0
1464,17,12,1,1464.0
2617,19,12,0,2617.0
2659,91,37,1,3190.7999999999997
1916,70,72,1,2874.0
2486,99,90,1,3729.0
768,101,40,0,768.0
550,34,19,1,550.0
1534,84,58,0,1534.0
1903,25,95,1,2854.5
1859,68,30,0,1859.0
1470,74,62,1,2205.0
1423,74,96,0,1423.0
1998,88,85,1,2997.0
2440,85,98,0,2440.0
1789,11,63,1,2683.5
468,91,66,1,702.0
2746,16,29,1,3020.6000000000004
1343,90,58,0,1343.0
1201,61,16,1,1201.0
2743,94,38,1,3291.6
2650,113,57,1,3709.9999999999995
460,80,22,0,460.0
1345,7,12,1,1345.0
1737,16,11,1,1737.0
1584,99,25,0,1584.0
730,16,15,1,730.0
1951,40,54,0,1951.0
737,12,80,1,1105.5
2029,35,14,0,2029.0
1727,113,65,0,1727.0
1926,21,80,0,1926.0
2073,50,41,1,2694.9
1761,43,58,1,2465.3999999999996
1973,100,22,0,1973.0
674,112,39,1,808.8
1587,17,34,1,1904.3999999999999
2766,32,94,0,2766.0
2951,41,69,0,2951.0
2834,6,68,0,2834.0
2393,88,94,0,2393.0
1269,27,37,1,1522.8
1414,20,67,1,2121.0
2311,25,29,1,2542.1000000000004
1002,66,43,1,1302.6000000000001
2199,9,14,1,2199.0
1090,92,91,1,1635.0
893,53,69,0,893.0
889,61,52,1,1244.6
2956,38,66,1,4434.0
789,3,66,1,1183.5
694,84,84,0,694.0
1792,70,63,0,1792.0
2117,103,90,1,3175.5
2996,97,54,0,2996.0
1048,55,95,0,1048.0
2273,1,46,1,2954.9
967,101,93,1,1450.5
844,70,57,1,1181.6
762,45,63,0,762.0
2570,98,57,0,2570.0
1611,47,15,1,1611.0
1141,79,43,0,1141.0
2441,109,72,0,2441.0
1079,26,87,0,1079.0
2867,14,57,1,4013.7999999999997
2042,54,32,1,2450.4
1972,71,93,1,2958.0
1758,46,22,1,1933.8000000000002
2539,31,56,1,3554.6
462,88,53,0,462.0
2959,59,41,0,2959.0
1562,95,35,0,1562.0
1628,29,62,0,1628.0
655,106,23,0,655.0
534,96,61,0,534.0
1274,17,45,1,1656.2
1221,14,17,1,1221.0
2535,104,49,0,2535.0
1222,36,95,1,1833.0
1373,58,31,0,1373.0
2177,112,25,0,2177.0
520,24,69,1,780.0
2037,109,69,1,3055.5
1764,63,19,0,1764.0
1407,118,34,1,1688.3999999999999
1324,91,40,0,1324.0
1044,25,30,0,1044.0
2432,59,90,0,2432.0
2468,32,42,0,2468.0
641,116,40,0,641.0
2902,82,99,1,4353.0
2750,110,30,0,2750.0
2019,18,45,1,2624.7000000000003
1202,37,74,0,1202.0
1363,26,13,1,1363.0
468,9,77,0,468.0
1552,99,99,1,2328.0
595,64,13,0,595.0
2587,72,18,0,2587.0
2730,20,39,1,3276.0
2759,54,54,1,3862.6
1145,106,13,1,1145.0
2088,86,78,1,3132.0
676,83,32,1,811.1999999999999
460,30,25,1,506.00000000000006
2313,53,31,0,2313.0
2499,92,81,0,2499.0
2600,99,57,0,2600.0
2172,107,71,1,3258.0
1734,63,69,1,2601.0
2237,11,89,1,3355.5
2991,31,14,0,2991.0
966,49,89,1,1449.0
1971,112,16,0,1971.0
1021,103,60,1,1531.5
2425,100,74,1,3637.5
1600,94,18,1,1600.0
713,87,91,0,713.0
2544,19,54,1,3561.6
1636,12,56,0,1636.0
536,15,76,1,804.0
1429,31,33,1,1714.8
2556,43,19,1,2556.0
2994,101,82,1,4491.0
1061,37,86,0,1061.0
2872,79,57,1,4020.7999999999997
2708,29,44,0,2708.0
486,114,63,1,729.0
2912,107,96,1,4368.0
2523,26,90,1,3784.5
2918,108,80,0,2918.0
2861,2,25,1,3147.1000000000004
2904,84,62,0,2904.0
1708,15,49,0,1708.0
2100,116,29,1,2310.0
894,4,97,0,894.0
2047,86,78,1,3070.5
2342,50,54,0,2342.0
1468,38,15,0,1468.0
1824,23,78,0,1824.0
996,59,58,0,996.0
849,90,48,1,1103.7
884,115,11,0,884.0
1045,75,48,1,1358.5
2029,28,30,0,2029.0
1061,66,49,1,1379.3
1157,8,91,1,1735.5
688,29,63,0,688.0
1120,11,21,0,1120.0
1037,101,90,1,1555.5
2682,18,46,0,2682.0
2863,55,47,0,2863.0
898,50,24,0,898.0
1033,14,16,0,1033.0
2073,118,87,0,2073.0
2430,74,59,0,2430.0
514,99,74,0,514.0
1073,9,76,0,1073.0
2136,99,53,0,2136.0
1657,11,40,1,2154.1
2653,63,52,0,2653.0
2694,108,86,0,2694.0
546,76,57,0,546.0
2565,67,91,0,2565.0
811,53,90,0,811.0
2087,39,90,1,3130.5
2810,78,70,1,4215.0
1932,56,84,0,1932.0
536,28,93,1,804.0
418,75,19,0,418.0
2642,39,38,0,2642.0
2777,25,57,1,3887.7999999999997
2359,21,90,1,3538.5
2622,10,71,1,3933.0
1401,43,22,1,1541.1000000000001
848,15,53,1,1187.1999999999998
2348,83,56,0,2348.0
1345,48,73,0,1345.0
1777,86,62,0,1777.0
1922,21,99,1,2883.0
540,60,86,0,540.0
2320,116,85,1,3480.0
492,108,53,0,492.0
638,96,37,1,765.6
604,50,11,1,604.0
1856,23,66,0,1856.0
644,13,66,0,644.0
1231,69,43,0,1231.0
694,4,96,0,694.0
1255,92,67,1,1882.5
2464,78,61,0,2464.0
470,72,38,1,564.0
1692,9,44,0,1692.0
1748,115,84,0,1748.0
704,35,57,0,704.0
1430,101,42,0,1430.0
1737,21,84,0,1737.0
1216,58,82,1,1824.0
1526,18,87,0,1526.0
1220,97,18,1,1220.0
592,72,57,0,592.0
2176,115,76,1,3264.0
928,113,92,0,928.0
2618,81,45,0,2618.0
650,43,80,0,650.0
2188,95,53,1,3063.2
2988,98,91,1,4482.0
2426,6,69,0,2426.0
2863,86,72,0,2863.0
1803,78,14,0,1803.0
1567,67,96,1,2350.5
2472,12,95,0,2472.0
1496,100,99,1,2244.0
2247,12,85,0,2247.0
904,109,49,1,1175.2
2021,66,28,1,2223.1000000000004
2783,2,56,1,3896.2
2872,15,74,0,2872.0
2946,23,76,1,4419.0
1787,29,27,0,1787.0
1622,81,59,1,2270.7999999999997
1117,96,39,0,1117.0
738,7,75,1,1107.0
1058,94,14,1,1058.0
1361,28,51,0,1361.0
828,14,93,0,828.0
1298,44,14,1,1298.0
538,30,59,1,753.1999999999999
941,81,94,0,941.0
2504,32,67,1,3756.0
1655,110,88,1,2482.5
2882,70,93,0,2882.0
783,115,17,0,783.0
593,88,40,0,593.0
2981,6,21,1,3279.1000000000004
2965,27,30,1,3558.0
2632,82,71,1,3948.0
2295,88,99,0,2295.0
2739,101,42,1,3560.7000000000003
1131,24,35,0,1131.0
2563,102,99,0,2563.0
1084,34,49,1,1409.2
481,40,74,0,481.0
2780,47,68,1,4170.0
2782,79,24,0,2782.0
931,75,10,0,931.0
2383,86,20,0,2383.0
620,118,64,1,930.0
1034,24,11,0,1034.0
2169,65,74,1,3253.5
2770,18,53,0,2770.0
2274,44,25,0,2274.0
402,76,31,0,402.0
2117,57,27,1,2328.7000000000003
605,107,56,1,847.0
2255,28,90,1,3382.5
439,104,39,1,526.8
2506,71,19,1,2506.0
1043,23,67,0,1043.0
1930,85,71,0,1930.0
2307,34,94,1,3460.5
2543,11,89,1,3814.5
1297,86,15,1,1297.0
1485,106,76,1,2227.5
1679,35,50,0,1679.0
2795,116,52,1,3912.9999999999995
1070,93,94,1,1605.0
1905,42,86,1,2857.5
2764,28,27,1,3040.4
1118,82,67,0,1118.0
1471,78,69,0,1471.0
2355,82,97,1,3532.5
1559,92,36,0,1559.0
649,24,77,0,649.0
2761,8,31,1,3313.2
2292,106,33,1,2750.4
2253,118,49,0,2253.0
1903,109,83,0,1903.0
2932,53,75,0,2932.0
1634,72,49,0,1634.0
443,4,15,0,443.0
982,91,27,1,1080.2
1688,100,90,0,1688.0
619,5,96,0,619.0
2325,97,39,0,2325.0
2848,49,30,0,2848.0
1390,98,71,0,1390.0
2212,30,19,0,2212.0
1257,72,22,0,1257.0
1203,103,85,0,1203.0
889,63,18,1,889.0
2180,47,77,1,3270.0
1893,26,48,0,1893.0
2105,57,33,1,2526.0
2714,37,43,1,3528.2000000000003
453,98,70,1,679.5
2975,7,50,1,4165.0
1015,40,14,1,1015.0
1482,92,88,1,2223.0
2248,39,59,0,2248.0
1354,62,13,0,1354.0
2833,103,60,1,4249.5
2029,92,61,0,2029.0
1049,78,48,1,1363.7
2747,53,17,0,2747.0
794,114,54,0,794.0
1759,102,97,0,1759.0
2961,4,37,1,3553.2
2843,106,36,0,2843.0
770,82,74,0,770.0
1257,108,43,1,1634.1000000000001
1190,112,90,1,1785.0
1057,25,71,0,1057.0
1792,7,71,1,2688.0
783,102,47,0,783.0
2509,28,35,0,2509.0
2952,69,33,1,3542.4
638,67,48,1,829.4
594,108,30,0,594.0
2508,95,56,1,3511.2
1552,111,57,0,1552.0
2415,106,22,1,2656.5
555,20,12,1,555.0
1322,83,41,1,1718.6000000000001
2009,112,44,1,2611.7000000000003
1374,11,28,1,1511.4
1630,104,23,0,1630.0
2835,67,57,0,2835.0
2214,87,95,0,2214.0
1237,7,90,1,1855.5
2407,23,77,0,2407.0
1763,61,54,0,1763.0
2787,71,28,1,3065.7000000000003
603,110,73,1,904.5
560,34,75,1,840.0
791,106,88,0,791.0
1168,19,75,0,1168.0
2981,58,84,1,4471.5
1493,9,54,0,1493.0
804,48,96,0,804.0
1007,115,83,1,1510.5
2014,82,76,0,2014.0
1940,41,78,1,2910.0
2237,48,12,0,2237.0
1089,45,47,1,1415.7
1640,106,86,0,1640.0
2503,25,51,0,2503.0
765,116,92,1,1147.5
2122,78,49,1,2758.6
854,108,59,1,1195.6
503,25,44,1,653.9
476,19,33,0,476.0
629,39,97,1,943.5
2337,119,26,1,2570.7000000000003
2778,79,49,1,3611.4
1605,80,83,1,2407.5
1292,27,75,1,1938.0
1973,104,53,0,1973.0
2474,74,32,1,2968.7999999999997
2075,63,15,1,2075.0
698,68,75,1,1047.0
1356,115,30,0,1356.0
1514,19,44,0,1514.0
2927,28,38,0,2927.0
2905,85,16,1,2905.0
1874,111,62,1,2811.0
764,78,46,0,764.0
2098,33,32,0,2098.0
750,112,17,1,750.0
2700,10,85,1,4050.0
2304,83,57,1,3225.6
1411,30,19,0,1411.0
2906,22,88,1,4359.0
898,3,33,1,1077.6
1349,101,99,0,1349.0
2394,105,56,0,2394.0
2446,82,62,0,2446.0
907,75,48,1,1179.1000000000001
1727,48,76,0,1727.0
2948,2,75,0,3248.0
565,76,15,1,565.0
2909,54,30,1,3490.7999999999997
1319,6,82,0,1319.0
513,107,83,1,769.5
1391,40,45,0,1391.0
2351,108,12,1,2351.0
2654,93,97,1,3981.0
1658,94,95,0,1658.0
914,2,87,0,1188.2
1631,73,51,0,1631.0
1108,111,54,1,1551.1999999999998
2585,2,53,0,2885.0
738,93,42,1,959.4
2984,97,69,1,4476.0
467,74,95,0,467.0
1996,98,92,1,2994.0
1964,108,92,1,2946.0
782,55,79,0,782.0
418,72,92,1,627.0
2521,101,86,1,3781.5
972,118,35,0,972.0
1699,60,95,0,1699.0
2658,97,30,1,3189.6
2343,111,11,1,2343.0
1050,6,56,1,1470.0
2045,108,39,1,2454.0
1393,104,36,0,1393.0
2987,109,80,1,4480.5
1738,19,29,1,1911.8000000000002
1300,96,59,1,1819.9999999999998
2084,27,32,1,2500.7999999999997
1985,1,22,0,2285.0
2323,107,90,1,3484.5
2181,116,13,0,2181.0
1536,33,23,0,1536.0
2617,40,29,0,2617.0
2344,32,22,0,2344.0
1437,69,12,0,1437.0
2138,17,99,1,3207.0
687,8,99,0,687.0
2636,57,91,0,2636.0
1990,42,87,0,1990.0
2145,98,56,1,3003.0
2918,9,12,0,2918.0
1498,87,10,1,1498.0
2724,35,99,0,2724.0
1339,114,33,0,1339.0
1848,71,44,1,2402.4
970,79,23,1,1067.0
1400,53,76,1,2100.0
1605,54,22,0,1605.0
2905,84,56,1,4066.9999999999995
1317,114,59,1,1843.8
2274,25,87,1,3411.0
1232,67,94,1,1848.0
2640,62,35,1,3168.0
2078,55,12,0,2078.0
1015,46,60,1,1522.5
805,24,49,0,805.0
2149,98,77,1,3223.5
492,46,45,1,639.6
2877,22,60,0,2877.0
1053,11,10,0,1053.0
833,48,42,0,833.0
1535,8,16,0,1535.0
774,39,61,1,1161.0
1466,107,20,0,1466.0
606,35,36,1,727.1999999999999
1179,49,23,1,1296.9
1719,46,95,1,2578.5
1541,38,89,0,1541.0
931,8,55,0,931.0
2613,54,85,0,2613.0
489,37,19,1,489.0
1517,91,33,0,1517.0
412,92,70,0,412.0
2257,40,27,1,2482.7000000000003
1204,34,95,0,1204.0
1344,96,18,1,1344.0
2257,79,26,0,2257.0
2010,108,67,0,2010.0
2359,17,22,0,2359.0
1452,33,59,0,1452.0
695,47,15,0,695.0
1325,110,94,1,1987.5
1039,52,60,0,1039.0
2787,118,45,0,2787.0
1027,80,80,0,1027.0
2886,93,34,0,2886.0
1567,9,20,0,1567.0
1341,33,53,0,1341.0
1229,60,23,0,1229.0
2170,113,38,1,2604.0
2966,93,83,1,4449.0
1375,77,59,0,1375.0
1354,21,14,1,1354.0
1662,58,81,0,1662.0
1351,85,78,1,2026.5
1343,69,97,0,1343.0
2602,10,66,0,2602.0
1604,6,35,1,1924.8
2535,115,15,0,2535.0
1934,13,25,1,2127.4
1496,65,69,0,1496.0
578,20,21,0,578.0
2659,57,84,0,2659.0
2228,111,12,0,2228.0
1657,46,72,1,2485.5
864,8,73,0,864.0
2174,10,71,1,3261.0
1630,73,15,1,1630.0
1284,113,28,0,1284.0
2813,105,27,0,2813.0
2723,67,89,1,4084.5
2827,11,96,1,4240.5
1732,12,52,0,1732.0
2054,10,82,1,3081.0
1344,25,12,1,1344.0
1324,49,81,1,1986.0
2338,49,47,0,2338.0
893,89,77,1,1339.5
1946,11,85,1,2919.0
2369,62,53,1,3316.6
1494,118,98,1,2241.0
2811,36,89,0,2811.0
2225,39,72,0,2225.0
1162,53,51,1,1626.8
2723,90,73,1,4084.5
449,78,63,1,673.5
1305,103,87,0,1305.0
963,56,86,0,963.0
1182,104,80,1,1773.0
2932,1,85,1,4398.0
2440,56,46,0,2440.0
2231,118,13,1,2231.0
983,4,11,1,983.0
1719,30,53,0,1719.0
635,12,76,0,635.0
2503,35,77,0,2503.0
2342,77,85,0,2342.0
759,52,92,0,759.0
2330,31,83,1,3495.0
509,102,71,0,509.0
591,107,10,0,591.0
1303,87,26,0,1303.0
1516,68,25,0,1516.0
1261,52,18,0,1261.0
1483,80,62,0,1483.0
1049,7,82,1,1573.5
438,22,68,0,438.0
1036,93,18,1,1036.0
1436,75,21,1,1579.6000000000001
435,56,50,0,435.0
2548,97,24,0,2548.0
1761,58,75,1,2641.5
2383,93,84,1,3574.5
565,64,20,1,621.5
2830,103,17,0,2830.0
2279,12,64,1,3418.5
430,7,15,0,430.0
410,55,62,0,410.0
2411,103,29,1,2652.1000000000004
2543,106,48,0,2543.0
2900,62,81,0,2900.0
2639,112,43,1,3430.7000000000003
885,90,66,1,1327.5
1689,104,28,0,1689.0
1847,73,80,1,2770.5
2685,105,40,0,2685.0
2343,98,91,1,3514.5
2363,109,49,1,3071.9
2251,77,23,1,2476.1000000000004
1869,55,90,1,2803.5
1766,119,46,0,1766.0
1390,36,53,1,1945.9999999999998
1224,89,18,0,1224.0
1862,24,67,0,1862.0
2553,44,29,1,2808.3
2628,17,59,1,3679.2
2631,2,29,1,2894.1000000000004
625,13,45,1,812.5
1176,31,36,1,1411.2
1512,93,81,0,1512.0
1087,114,41,1,1413.1000000000001
929,28,10,0,929.0
1371,60,26,0,1371.0
1335,27,18,0,1335.0
1822,15,93,0,1822.0
2553,95,54,1,3574.2
1694,104,75,1,2541.0
2398,79,41,0,2398.0
1926,33,54,0,1926.0
1078,20,18,1,1078.0
2840,42,39,0,2840.0
439,12,93,1,658.5
1505,101,47,0,1505.0
1244,73,69,1,1866.0
2143,23,10,0,2143.0
2648,72,14,0,2648.0
846,96,72,0,846.0
1634,112,45,1,2124.2000000000003
2891,14,74,1,4336.5
1750,91,87,1,2625.0
626,25,82,0,626.0
447,77,33,0,447.0
1862,119,13,0,1862.0
2230,85,87,0,2230.0
586,109,98,0,586.0
2792,31,77,0,2792.0
2671,101,34,1,3205.2
2935,112,83,1,4402.5
2332,107,16,1,2332.0
1248,54,22,0,1248.0
2432,5,77,1,3648.0
1652,13,52,0,1652.0
1813,28,66,0,1813.0
1378,43,45,1,1791.4
2012,89,23,0,2012.0
1416,115,91,0,1416.0
2635,99,81,0,2635.0
2281,47,36,0,2281.0
669,103,46,0,669.0
2030,71,96,1,3045.0
709,38,80,1,1063.5
2443,96,85,0,2443.0
1974,67,34,0,1974.0
1495,62,76,1,2242.5
2095,109,99,1,3142.5
2933,39,13,1,2933.0
1845,37,88,0,1845.0
2567,119,83,1,3850.5
619,114,94,1,928.5
452,86,25,0,452.0
2157,8,28,0,2157.0
1874,81,38,1,2248.7999999999997
2066,52,60,0,2066.0
1660,91,27,1,1826.0000000000002
1119,33,67,1,1678.5
805,110,53,0,805.0
2869,81,25,0,2869.0
2694,42,74,1,4041.0
471,76,11,0,471.0
2253,112,65,0,2253.0
2632,110,88,0,2632.0
2453,27,37,0,2453.0
1629,112,74,0,1629.0
1967,8,14,0,1967.0
786,23,31,0,786.0
2191,106,22,1,2410.1000000000004
1098,113,74,0,1098.0
1600,64,25,1,1760.0000000000002
1226,93,95,0,1226.0
2222,114,73,1,3333.0
748,20,41,0,748.0
1678,16,89,1,2517.0
707,17,60,0,707.0
1550,80,88,1,2325.0
2360,19,67,0,2360.0
2734,8,55,0,2734.0
1165,38,61,1,1747.5
1124,38,72,1,1686.0
2019,53,85,0,2019.0
782,93,69,1,1173.0
2835,105,74,1,4252.5
924,100,90,0,924.0
675,90,64,1,1012.5
2947,31,66,0,2947.0
736,44,80,1,1104.0
2373,60,82,0,2373.0
880,76,95,1,1320.0
1310,119,35,0,1310.0
2396,17,21,0,2396.0
1751,79,80,1,2626.5
2433,73,55,1,3406.2
2154,39,56,0,2154.0
508,42,88,0,508.0
727,48,47,1,945.1
2199,12,30,1,2638.7999999999997
714,96,23,1,785.4000000000001
1534,89,11,1,1534.0
1180,103,81,1,1770.0
1920,18,79,1,2880.0
555,79,42,0,555.0
1896,96,15,1,1896.0
2124,6,99,1,3186.0
1286,108,46,1,1671.8
1121,43,23,1,1233.1000000000001
1312,116,46,0,1312.0
1270,35,17,0,1270.0
412,98,86,0,412.0
897,102,22,0,897.0
2156,54,49,1,2802.8
2685,62,67,0,2685.0
1517,69,27,1,1668.7
1594,82,66,1,2391.0
2404,16,92,0,2404.0
2047,8,47,0,2047.0
1990,89,41,1,2587.0
1890,96,95,0,1890.0
542,90,75,0,542.0
1624,116,86,1,2436.0
2926,86,96,1,4389.0
964,31,34,1,1156.8
2918,107,67,1,4377.0
2831,10,84,1,4246.5
2115,56,42,0,2115.0
816,76,97,1,1224.0
2248,117,75,1,3372.0
2755,92,39,1,3306.0
2117,70,90,0,2117.0
1790,20,43,1,2327.0
1467,5,95,1,2200.5
2266,23,78,0,2266.0
1521,9,57,1,2129.4
1688,58,49,1,2194.4
2206,59,60,1,3309.0
2587,93,89,0,2587.0
1904,80,22,0,1904.0
1416,54,99,1,2124.0
1352,46,40,1,1757.6000000000001
471,22,48,1,612.3000000000001
2090,64,72,0,2090.0
1691,8,57,0,1691.0
1744,20,96,0,1744.0
2554,51,57,0,2554.0
1282,78,70,0,1282.0
538,39,21,0,538.0
2720,37,87,1,4080.0
1904,50,65,0,1904.0
2863,34,27,1,3149.3
2953,75,36,0,2953.0
1132,118,37,1,1358.3999999999999
2148,104,91,0,2148.0
823,33,89,1,1234.5
1991,31,61,1,2986.5
789,54,25,1,867.9000000000001
741,44,86,0,741.0
1345,34,67,0,1345.0
1013,114,18,0,1013.0
892,71,35,1,1070.3999999999999
591,113,37,1,709.1999999999999
898,118,86,1,1347.0
1221,62,45,0,1221.0
2135,23,18,0,2135.0
1656,46,56,1,2318.3999999999996
2368,56,87,0,2368.0
626,7,60,0,626.0
1794,118,85,0,1794.0
2586,89,66,0,2586.0
1216,61,41,1,1580.8
1873,3,76,0,1873.0
1486,38,66,0,1486.0
503,84,63,1,754.5
2274,34,25,1,2501.4
1270,113,71,0,1270.0
1067,44,93,0,1067.0
2442,108,65,0,2442.0
672,30,32,0,672.0
1429,17,26,1,1571.9
2631,59,89,1,3946.5
1451,10,47,1,1886.3
1973,99,81,0,1973.0
692,84,92,0,692.0
2624,18,39,1,3148.7999999999997
2505,45,67,0,2505.0
1692,108,87,1,2538.0
707,91,31,1,848.4
1376,59,26,1,1513.6000000000001
1651,62,24,1,1816.1000000000001
1670,59,57,1,2338.0
1917,49,41,1,2492.1
2530,100,86,1,3795.0
1609,63,94,0,1609.0
2699,87,49,1,3508.7000000000003
1778,32,66,1,2667.0
2173,10,67,0,2173.0
2119,11,25,1,2330.9
2442,102,37,0,2442.0
1195,70,10,1,1195.0
1296,105,50,0,1296.0
2361,62,57,0,2361.0
609,47,40,0,609.0
2894,34,45,1,3762.2000000000003
2907,100,42,0,2907.0
1367,101,42,1,1777.1000000000001
871,17,91,1,1306.5
2817,104,32,1,3380.4
1322,104,69,1,1983.0
536,54,96,1,804.0
766,76,88,1,1149.0
583,85,99,1,874.5
2919,40,39,0,2919.0
1798,19,98,1,2697.0
936,67,54,1,1310.3999999999999
2002,82,89,0,2002.0
1673,53,48,1,2174.9
2957,115,54,0,2957.0
1496,64,87,0,1496.0
1705,83,90,1,2557.5
1315,47,21,1,1446.5000000000002
551,6,41,0,551.0
1428,16,65,1,2142.0
1618,72,33,0,1618.0
2377,112,22,0,2377.0
2911,18,29,1,3202.1000000000004
670,52,88,0,670.0
1586,48,65,1,2379.0
859,43,62,1,1288.5
504,39,77,0,504.0
2110,49,63,0,2110.0
2609,113,43,1,3391.7000000000003
2798,12,37,1,3357.6
833,109,59,1,1166.1999999999998
539,10,11,0,539.0
1894,71,35,1,2272.7999999999997
486,110,60,0,486.0
2111,55,56,0,2111.0
2630,1,35,0,2930.0
2815,49,93,1,4222.5
528,36,93,0,528.0
1669,21,84,1,2503.5
2001,37,83,0,2001.0
1069,116,70,1,1603.5
548,24,32,1,657.6
1384,55,46,0,1384.0
1251,25,50,1,1751.3999999999999
1856,7,61,0,1856.0
1027,106,92,0,1027.0
1892,81,91,0,1892.0
2893,93,58,0,2893.0
2444,94,36,0,2444.0
1283,71,15,0,1283.0
2741,97,83,0,2741.0
2188,71,75,1,3282.0
649,24,33,0,649.0
1347,11,47,0,1347.0
1374,73,37,1,1648.8
1725,12,37,1,2070.0
1383,35,75,0,1383.0
1288,63,70,0,1288.0
2517,68,55,0,2517.0
1274,100,78,1,1911.0
1726,92,84,0,1726.0
870,57,83,1,1305.0
2387,13,52,0,2387.0
490,23,68,0,490.0
929,83,11,1,929.0
1060,106,24,0,1060.0
1138,101,46,0,1138.0
1271,39,80,0,1271.0
2086,88,29,1,2294.6000000000004
591,80,44,0,591.0
2386,97,43,0,2386.0
2585,12,95,1,3877.5
744,34,40,1,967.2
1408,71,96,0,1408.0
2950,75,28,0,2950.0
602,31,77,1,903.0
972,93,33,0,972.0
591,62,93,0,591.0
2452,13,48,1,3187.6
2313,31,63,0,2313.0
2116,2,48,0,2416.0
710,103,26,1,781.0000000000001
2996,15,28,0,2996.0
2503,57,57,0,2503.0
842,75,44,0,842.0
1660,34,41,1,2158.0
1269,103,56,0,1269.0
984,68,56,1,1377.6
1994,75,73,1,2991.0
1937,29,55,0,1937.0
759,66,44,1,986.7
2123,16,26,0,2123.0
2477,39,51,0,2477.0
2202,77,38,0,2202.0
2411,37,79,1,3616.5
2555,81,26,0,2555.0
1243,21,90,0,1243.0
2025,44,23,0,2025.0
1290,19,33,1,1548.0
2391,71,66,1,3586.5
2382,102,59,0,2382.0
1359,8,66,0,1359.0
1868,77,70,0,1868.0
1861,101,48,0,1861.0
1131,66,64,1,1696.5
1005,41,45,1,1306.5
2904,75,46,1,3775.2000000000003
1014,88,23,1,1115.4
2404,70,36,1,2884.7999999999997
2119,61,92,1,3178.5
1073,26,40,1,1394.9
1670,71,82,0,1670.0
2990,103,90,0,2990.0
1987,83,92,0,1987.0
2011,70,53,0,2011.0
1296,107,77,0,1296.0
1862,29,57,0,1862.0
677,107,66,1,1015.5
951,103,84,0,951.0
2036,66,31,1,2443.2
2558,19,13,0,2558.0
2832,68,90,1,4248.0
1160,58,81,1,1740.0
1849,70,55,0,1849.0
804,113,68,0,804.0
1758,57,43,0,1758.0
1632,37,20,0,1632.0
421,61,40,0,421.0
1077,92,20,1,1184.7
2428,30,65,0,2428.0
1631,71,47,1,2120.3
2455,73,30,1,2946.0
2208,25,19,1,2208.0
928,97,35,0,928.0
2437,65,17,0,2437.0
2076,115,17,0,2076.0
1056,6,69,0,1056.0
565,18,81,0,565.0
1248,10,43,0,1248.0
895,92,25,1,984.5000000000001
989,11,22,0,989.0
828,97,96,1,1242.0
562,65,85,1,843.0
2813,77,31,0,2813.0
1662,101,36,0,1662.0
471,84,73,0,471.0
1054,65,11,0,1054.0
668,52,35,0,668.0
2176,67,92,0,2176.0
2862,82,78,1,4293.0
1668,105,93,1,2502.0
1415,78,39,1,1698.0
1483,31,17,1,1483.0
405,91,47,1,526.5
1381,17,70,1,2071.5
806,55,90,0,806.0
2353,110,74,0,2353.0
2473,93,76,0,2473.0
1385,36,55,1,1938.9999999999998
789,101,99,1,1183.5
1109,26,81,1,1663.5
1871,53,52,0,1871.0
1153,17,68,0,1153.0
2593,86,55,0,2593.0
1811,25,81,1,2716.5
1672,2,44,1,2173.6
925,119,48,1,1202.5
1885,86,60,0,1885.0
2460,5,13,1,2460.0
2831,4,89,0,2831.0
955,36,86,0,955.0
418,6,93,0,418.0
974,116,60,0,974.0
1403,21,14,0,1403.0
2866,77,64,0,2866.0
2866,118,29,0,2866.0
2338,101,33,1,2805.6
2339,119,45,0,2339.0
2035,89,43,1,2645.5
2098,26,63,0,2098.0
2569,55,43,0,2569.0
831,39,92,0,831.0
2491,84,26,1,2740.1000000000004
2295,33,14,0,2295.0
2343,14,98,0,2343.0
1740,56,27,1,1914.0000000000002
2828,100,64,1,4242.0
544,81,62,1,816.0
2810,21,59,1,3933.9999999999995
1473,46,81,0,1473.0
1488,16,88,0,1488.0
2802,110,54,1,3922.7999999999997
1199,16,22,0,1199.0
1551,84,25,1,1706.1000000000001
2845,29,95,1,4267.5
2356,92,93,1,3534.0
862,8,22,0,862.0
2174,88,29,1,2391.4
2445,3,75,0,2445.0
1207,89,56,0,1207.0
586,19,28,0,586.0
2143,97,54,1,3000.2
1131,66,46,0,1131.0
2335,79,63,1,3502.5
1613,86,15,0,1613.0
1811,74,23,0,1811.0
828,82,13,0,828.0
1707,22,95,1,2560.5
2684,46,64,1,4026.0
1617,113,43,1,2102.1
1710,91,36,1,2052.0
1170,13,16,0,1170.0
1157,33,12,0,1157.0
535,5,56,1,749.0
1191,90,11,1,1191.0
570,77,89,1,855.0
2606,27,34,1,3127.2
2648,78,69,0,2648.0
1980,24,88,1,2970.0
1361,67,33,1,1633.2
1275,111,24,0,1275.0
2818,115,23,1,3099.8
502,63,63,0,502.0
1401,113,87,1,2101.5
1548,94,15,0,1548.0
1881,99,87,1,2821.5
1057,48,90,1,1585.5
1620,63,27,1,1782.0000000000002
822,78,29,1,904.2
570,12,71,1,855.0
2620,28,90,0,2620.0
852,44,89,1,1278.0
2797,93,49,0,2797.0
2375,43,48,0,2375.0
2057,17,61,0,2057.0
2941,40,41,0,2941.0
2453,49,82,1,3679.5
687,85,36,1,824.4
2041,57,61,1,3061.5
1847,87,72,1,2770.5
2313,84,83,0,2313.0
1007,64,72,0,1007.0
856,75,26,0,856.0
2164,57,58,1,3029.6
1625,98,90,1,2437.5
1635,74,91,1,2452.5
1429,74,32,1,1714.8
2823,107,81,0,2823.0
846,70,22,1,930.6
1234,100,32,1,1480.8
1210,88,66,0,1210.0
1824,76,71,0,1824.0
1811,43,63,1,2716.5
1358,119,29,1,1493.8000000000002
1875,23,95,0,1875.0
1208,27,61,1,1812.0
1378,58,32,0,1378.0
2863,109,44,0,2863.0
1125,37,76,1,1687.5
2901,6,43,0,2901.0
1616,65,42,1,2100.8
2597,6,55,1,3635.7999999999997
2303,50,90,1,3454.5
1178,22,54,1,1649.1999999999998
1372,105,28,0,1372.0
1938,88,96,1,2907.0
1816,25,24,1,1997.6000000000001
2523,79,87,0,2523.0
998,90,75,1,1497.0
624,72,48,1,811.2
1953,51,27,1,2148.3
2560,88,79,1,3840.0
2698,48,68,0,2698.0
1240,102,41,0,1240.0
2214,70,30,1,2656.7999999999997
1113,118,49,0,1113.0
1506,99,36,0,1506.0
524,106,11,0,524.0
1492,65,89,0,1492.0
1679,60,48,1,2182.7000000000003
2150,46,95,0,2150.0
429,36,65,1,643.5
2728,58,22,1,3000.8
2417,76,65,0,2417.0
2815,38,75,1,4222.5
894,11,87,0,894.0
2009,12,65,1,3013.5
1117,42,37,1,1340.3999999999999
1416,114,73,0,1416.0
1737,39,80,1,2605.5
1005,71,91,0,1005.0
774,11,73,1,1161.0
2360,36,65,1,3540.0
1448,52,50,0,1448.0
1757,31,50,0,1757.0
515,33,13,0,515.0
2495,13,66,1,3742.5
2201,18,39,0,2201.0
2546,41,97,0,2546.0
1882,58,93,0,1882.0
1946,56,55,0,1946.0
2020,24,65,1,3030.0
2852,73,40,1,3707.6
1084,31,97,1,1626.0
2950,55,16,1,2950.0
1871,105,99,1,2806.5
1999,10,86,1,2998.5
2705,60,63,0,2705.0
2568,2,17,1,2568.0
1209,102,64,0,1209.0
1377,15,78,0,1377.0
2501,3,53,0,2501.0
1754,43,22,0,1754.0
1183,31,29,1,1301.3000000000002
640,70,87,1,960.0
2178,67,41,1,2831.4
1953,56,69,0,1953.0
882,63,59,1,1234.8
1412,75,36,1,1694.3999999999999
586,15,34,1,703.1999999999999
2281,109,61,1,3421.5
2709,116,77,1,4063.5
1352,92,30,1,1622.3999999999999
1787,10,27,0,1787.0
890,38,48,0,890.0
830,47,24,1,913.0000000000001
638,57,62,0,638.0
2751,50,47,0,2751.0
2745,114,57,1,3842.9999999999995
475,71,61,0,475.0
1756,15,97,1,2634.0
2323,18,81,0,2323.0
2181,82,37,1,2617.2
1226,116,94,0,1226.0
2730,105,25,0,2730.0
990,88,25,0,990.0
